[
  {
    "model": "arch.problem",
    "pk": 1,
    "fields": {
      "puid": "JLDWFL",
      "hyperlink": ""
    }
  },
  {
    "model": "arch.problem",
    "pk": 2,
    "fields": {
      "puid": "YBCGPI",
      "hyperlink": ""
    }
  },
  {
    "model": "arch.problem",
    "pk": 3,
    "fields": {
      "puid": "GCCMDV",
      "hyperlink": ""
    }
  },
  {
    "model": "arch.hint",
    "pk": 1,
    "fields": {
      "problem": 1,
      "keywords": "Oceanographer",
      "number": 13,
      "content": "Environment board almost service wide hard expert heart."
    }
  },
  {
    "model": "arch.hint",
    "pk": 2,
    "fields": {
      "problem": 1,
      "keywords": "Associate Professor",
      "number": 57,
      "content": "Store both the yes should design."
    }
  },
  {
    "model": "arch.hint",
    "pk": 3,
    "fields": {
      "problem": 3,
      "keywords": "Chartered certified accountant",
      "number": 1,
      "content": "High anything environment science little term."
    }
  },
  {
    "model": "arch.hint",
    "pk": 4,
    "fields": {
      "problem": 3,
      "keywords": "Ophthalmologist",
      "number": 12,
      "content": "Believe leave news turn find."
    }
  },
  {
    "model": "core.semester",
    "pk": 1,
    "fields": {
      "name": "Year 1",
      "active": false,
      "exam_family": "Foxtrot",
      "uses_legacy_pset_system": false,
      "show_invoices": false,
      "prep_rate": 240,
      "hour_rate": 80,
      "first_payment_deadline": null,
      "most_payment_deadline": null,
      "one_semester_date": null,
      "end_year": 2022,
      "gradescope_key": "ABCDEF",
      "social_url": "https://instagram.com/evanchen.cc/",
      "calendar_url": ""
    }
  },
  {
    "model": "core.semester",
    "pk": 2,
    "fields": {
      "name": "Year 2",
      "active": true,
      "exam_family": "Waltz",
      "uses_legacy_pset_system": false,
      "show_invoices": true,
      "prep_rate": 240,
      "hour_rate": 80,
      "first_payment_deadline": null,
      "most_payment_deadline": null,
      "one_semester_date": null,
      "end_year": 2023,
      "gradescope_key": "ABCDEF",
      "social_url": "https://instagram.com/evanchen.cc/",
      "calendar_url": ""
    }
  },
  {
    "model": "core.unitgroup",
    "pk": 1,
    "fields": {
      "name": "AIME Geo",
      "slug": "aimegeo",
      "artwork": "artwork/aimegeo.png",
      "artwork_thumb_md": "artwork-thumb-md/aimegeo.png",
      "artwork_thumb_sm": "artwork-thumb-sm/aimegeo.png",
      "artist_name": "Evan Chen",
      "description": "Computational geometry problems, many taken from the tail end of the AIME. At the border of computational contests and olympiads.",
      "subject": "G",
      "hidden": false
    }
  },
  {
    "model": "core.unitgroup",
    "pk": 2,
    "fields": {
      "name": "AIME Mods",
      "slug": "aimemod",
      "artwork": "artwork/aimemod.png",
      "artwork_thumb_md": "artwork-thumb-md/aimemod.png",
      "artwork_thumb_sm": "artwork-thumb-sm/aimemod.png",
      "artist_name": "Sambhu Ganesan",
      "description": "Computational problems in modular arithmetic, again at the border of short-answer contests and olympiads.",
      "subject": "N",
      "hidden": false
    }
  },
  {
    "model": "core.unitgroup",
    "pk": 3,
    "fields": {
      "name": "Classical Geo",
      "slug": "classicgeo",
      "artwork": "artwork/classicgeo.png",
      "artwork_thumb_md": "artwork-thumb-md/classicgeo.png",
      "artwork_thumb_sm": "artwork-thumb-sm/classicgeo.png",
      "artist_name": "Evan Chen",
      "description": "Formerly known as \"American Geo\". This is a unit on geometry problems with a highly traditional or synthetic flavor, for example USAMO 2016/3 and USAMO 2017/3. These sorts of problems were popular on USA olympiads and team selection tests around 2016 and it is totally not my fault. A lot of these problems involve figuring out what certain points are, adding in new points that were not that already, and altogether slowly piecing together a master diagram that reveals the depth of a configuration.",
      "subject": "G",
      "hidden": false
    }
  },
  {
    "model": "core.unitgroup",
    "pk": 4,
    "fields": {
      "name": "Analysis",
      "slug": "analysis",
      "artwork": "artwork/analysis.png",
      "artwork_thumb_md": "artwork-thumb-md/analysis.png",
      "artwork_thumb_sm": "artwork-thumb-sm/analysis.png",
      "artist_name": "Aditya Pahuja",
      "description": "Problems involving some real analysis. This is a pretty technical lecture and will delve into the nuances of converge issues, absolute versus conditional convergence, using calculus properly, compact sets, and so on. Featuring the art of Lagrange multipliers.",
      "subject": "A",
      "hidden": false
    }
  },
  {
    "model": "core.unitgroup",
    "pk": 5,
    "fields": {
      "name": "Anti Problems",
      "slug": "antiprobs",
      "artwork": "artwork/antiprobs.png",
      "artwork_thumb_md": "artwork-thumb-md/antiprobs.png",
      "artwork_thumb_sm": "artwork-thumb-sm/antiprobs.png",
      "artist_name": "Aaryan Vaishya",
      "description": "A unit consisting entirely of troll \"anti-problems\" which are suitable for giving to your enemies.",
      "subject": "M",
      "hidden": false
    }
  },
  {
    "model": "core.unitgroup",
    "pk": 6,
    "fields": {
      "name": "Arrows",
      "slug": "arrows",
      "artwork": "",
      "artwork_thumb_md": "",
      "artwork_thumb_sm": "",
      "artist_name": "",
      "description": "Some selected problems revolving around the idea that a function from a set to itself can be thought of as a directed graph with all outdegrees equal to 1. In particular, iterating such a function often involves looking at its cycle decomposition.",
      "subject": "C",
      "hidden": false
    }
  },
  {
    "model": "core.unitgroup",
    "pk": 7,
    "fields": {
      "name": "Bary",
      "slug": "bary",
      "artwork": "artwork/bary.png",
      "artwork_thumb_md": "artwork-thumb-md/bary.png",
      "artwork_thumb_sm": "artwork-thumb-sm/bary.png",
      "artist_name": "Evan Chen",
      "description": "Barycentric coordinates in olympiad geometry. A follow-up to Chapter 7 of EGMO.",
      "subject": "G",
      "hidden": false
    }
  },
  {
    "model": "core.unitgroup",
    "pk": 8,
    "fields": {
      "name": "Combo Null",
      "slug": "cns",
      "artwork": "artwork/cns.png",
      "artwork_thumb_md": "artwork-thumb-md/cns.png",
      "artwork_thumb_sm": "artwork-thumb-sm/cns.png",
      "artist_name": "Arul Kolla",
      "description": "A silly unit on using combinatorial nullstellensatz. Mostly for fun. It is actually a fairly easy (albeit technical) unit, and doesn't take long. This unit is only marked as Z-level because it is considered an advanced trick (in the sense it is more important to learn fundamentals first).",
      "subject": "C",
      "hidden": false
    }
  },
  {
    "model": "core.unitgroup",
    "pk": 9,
    "fields": {
      "name": "Complex Nums",
      "slug": "complex",
      "artwork": "artwork/complex.png",
      "artwork_thumb_md": "artwork-thumb-md/complex.png",
      "artwork_thumb_sm": "artwork-thumb-sm/complex.png",
      "artist_name": "Evan Chen",
      "description": "Complex numbers in olympiad geometry. A follow-up to Chapter 6 of EGMO.",
      "subject": "G",
      "hidden": false
    }
  },
  {
    "model": "core.unitgroup",
    "pk": 10,
    "fields": {
      "name": "Courage",
      "slug": "courage",
      "artwork": "",
      "artwork_thumb_md": "",
      "artwork_thumb_sm": "",
      "artist_name": "",
      "description": "A difficult unit consisting of problems with deceptively short statements. A lot of the difficulty of these problems is setting up an entire framework to attack a simply stated problem. These setups are often more elaborate or detailed than in other problems.",
      "subject": "M",
      "hidden": false
    }
  },
  {
    "model": "core.unitgroup",
    "pk": 11,
    "fields": {
      "name": "Expon NT",
      "slug": "expnt",
      "artwork": "artwork/expnt.png",
      "artwork_thumb_md": "artwork-thumb-md/expnt.png",
      "artwork_thumb_sm": "artwork-thumb-sm/expnt.png",
      "artist_name": "Owen Zhang",
      "description": "Expressions of the form $a^n \\pm 1$, the bread and butter of olympiad number theory. Mods and orders, Fermat's Christmas theorem, lifting the exponent.",
      "subject": "N",
      "hidden": false
    }
  },
  {
    "model": "core.unitgroup",
    "pk": 12,
    "fields": {
      "name": "Duluth",
      "slug": "duluth",
      "artwork": "artwork/duluth.png",
      "artwork_thumb_md": "artwork-thumb-md/duluth.png",
      "artwork_thumb_sm": "artwork-thumb-sm/duluth.png",
      "artist_name": "anonymous",
      "description": "A short end-of-year unit containing open problems I solved at the Duluth REU.",
      "subject": "M",
      "hidden": false
    }
  },
  {
    "model": "core.unitgroup",
    "pk": 13,
    "fields": {
      "name": "Elem Geo",
      "slug": "elemgeo",
      "artwork": "artwork/elemgeo.png",
      "artwork_thumb_md": "artwork-thumb-md/elemgeo.png",
      "artwork_thumb_sm": "artwork-thumb-sm/elemgeo.png",
      "artist_name": "Rishabh Mahale",
      "description": "A unit featuring easy to medium geometry problems which can be solved using only the most basic tools: angle chasing, power of a point, homothety. It can be thought of as a follow-up to Part I of EGMO.",
      "subject": "G",
      "hidden": false
    }
  },
  {
    "model": "core.unitgroup",
    "pk": 14,
    "fields": {
      "name": "Equality",
      "slug": "equality",
      "artwork": "artwork/equality.png",
      "artwork_thumb_md": "artwork-thumb-md/equality.png",
      "artwork_thumb_sm": "artwork-thumb-sm/equality.png",
      "artist_name": "Owen Zhang",
      "description": "An important unit about taking advantage of the equality case in combinatorial problems in order to solve problems. Mandatory for newcomer students.",
      "subject": "C",
      "hidden": false
    }
  },
  {
    "model": "core.unitgroup",
    "pk": 15,
    "fields": {
      "name": "Euclid Alg",
      "slug": "euclid",
      "artwork": "artwork/euclid.png",
      "artwork_thumb_md": "artwork-thumb-md/euclid.png",
      "artwork_thumb_sm": "artwork-thumb-sm/euclid.png",
      "artist_name": "Alex Zhao",
      "description": "A unit about the idea that if $d$ divides $a$ and $b$, then $d$ divides any linear combination of $a$ and $b$. This intuition underlies Bezout's lemma, the Euclidean algorithm, and the division algorithm, as well as a technique which I privately call remainder bounding. One very good example of a problem of this feeling is SL 2016 N4 (sort of the crown example of remainder bounding).",
      "subject": "N",
      "hidden": false
    }
  },
  {
    "model": "core.unitgroup",
    "pk": 16,
    "fields": {
      "name": "Expected Value",
      "slug": "evcomp",
      "artwork": "artwork/evcomp.jpg",
      "artwork_thumb_md": "artwork-thumb-md/evcomp.png",
      "artwork_thumb_sm": "artwork-thumb-sm/evcomp.png",
      "artist_name": "Heyang Ni",
      "description": "Computational problems involving probability, expected value (in particular linearity of expectation), and Markov chains (processes which move from state to state).",
      "subject": "C",
      "hidden": false
    }
  },
  {
    "model": "core.unitgroup",
    "pk": 17,
    "fields": {
      "name": "Extremal Graph",
      "slug": "extremegraph",
      "artwork": "artwork/extremegraph.png",
      "artwork_thumb_md": "artwork-thumb-md/extremegraph.png",
      "artwork_thumb_sm": "artwork-thumb-sm/extremegraph.png",
      "artist_name": "Joel Gerlach",
      "description": "A difficult unit on problems from extremal graph theory; finding graphs which maximize X under certain constructions. The most basic example is Turan's theorem, which maximizes the number of edges in a graph avoiding an r-clique. Global/local ideas as well as understanding of equality cases feature prominently. Most of the examples in this unit are more challenging.",
      "subject": "C",
      "hidden": false
    }
  },
  {
    "model": "core.unitgroup",
    "pk": 18,
    "fields": {
      "name": "Free",
      "slug": "free",
      "artwork": "artwork/free.png",
      "artwork_thumb_md": "artwork-thumb-md/free.png",
      "artwork_thumb_sm": "artwork-thumb-sm/free.png",
      "artist_name": "Arul Kolla",
      "description": "Problems for which you have a lot of room to make decisions; a lot of the problems in this unit are constructions, for example. You will feel like you are inventing mathematics, rather than discovering it (in contrast to the Rigid unit).",
      "subject": "C",
      "hidden": false
    }
  },
  {
    "model": "core.unitgroup",
    "pk": 19,
    "fields": {
      "name": "Func Eqn",
      "slug": "fneqn",
      "artwork": "artwork/fneqn.png",
      "artwork_thumb_md": "artwork-thumb-md/fneqn.png",
      "artwork_thumb_sm": "artwork-thumb-sm/fneqn.png",
      "artist_name": "Emily Yu",
      "description": "Functional equations, I guess.",
      "subject": "F",
      "hidden": false
    }
  },
  {
    "model": "core.unitgroup",
    "pk": 20,
    "fields": {
      "name": "Gen Func",
      "slug": "genfunc",
      "artwork": "artwork/genfunc.jpg",
      "artwork_thumb_md": "artwork-thumb-md/genfunc.png",
      "artwork_thumb_sm": "artwork-thumb-sm/genfunc.png",
      "artist_name": "Filbert Wu",
      "description": "Generating functions and their use in algebraic contexts (computing sums, featuring the so-called snake oil method). Of course, some combinatorial problems included as well.",
      "subject": "A",
      "hidden": false
    }
  },
  {
    "model": "core.unitgroup",
    "pk": 21,
    "fields": {
      "name": "Global",
      "slug": "global",
      "artwork": "artwork/global.png",
      "artwork_thumb_md": "artwork-thumb-md/global.png",
      "artwork_thumb_sm": "artwork-thumb-sm/global.png",
      "artist_name": "Anthony Zou",
      "description": "Linearity of expectation, switching the order of summation, what's often called pigeonhole principle, counting in two ways, ... turns out they're actually all more or less the same idea.",
      "subject": "C",
      "hidden": false
    }
  },
  {
    "model": "core.unitgroup",
    "pk": 22,
    "fields": {
      "name": "Global and Local",
      "slug": "globloc",
      "artwork": "",
      "artwork_thumb_md": "",
      "artwork_thumb_sm": "",
      "artist_name": "",
      "description": "An accelerated version of both the global and local units (both done at once).",
      "subject": "C",
      "hidden": false
    }
  },
  {
    "model": "core.unitgroup",
    "pk": 23,
    "fields": {
      "name": "Graph Theory",
      "slug": "graph",
      "artwork": "artwork/graph.png",
      "artwork_thumb_md": "artwork-thumb-md/graph.png",
      "artwork_thumb_sm": "artwork-thumb-sm/graph.png",
      "artist_name": "Owen Zhang",
      "description": "Combinatorics practice with graphs.",
      "subject": "C",
      "hidden": false
    }
  },
  {
    "model": "core.unitgroup",
    "pk": 24,
    "fields": {
      "name": "Grinding",
      "slug": "grinding",
      "artwork": "artwork/grinding.png",
      "artwork_thumb_md": "artwork-thumb-md/grinding.png",
      "artwork_thumb_sm": "artwork-thumb-sm/grinding.png",
      "artist_name": "Anthony Zou",
      "description": "The worst olympiad problems you've ever seen. The name is a reference to the video game term in which you do the same thing over and over.",
      "subject": "M",
      "hidden": false
    }
  },
  {
    "model": "core.unitgroup",
    "pk": 25,
    "fields": {
      "name": "Hall",
      "slug": "hall",
      "artwork": "",
      "artwork_thumb_md": "",
      "artwork_thumb_sm": "",
      "artist_name": "",
      "description": "Hall's marriage lemma.",
      "subject": "C",
      "hidden": true
    }
  },
  {
    "model": "core.unitgroup",
    "pk": 26,
    "fields": {
      "name": "Hard Ineq",
      "slug": "hardineq",
      "artwork": "artwork/hardineq.png",
      "artwork_thumb_md": "artwork-thumb-md/hardineq.png",
      "artwork_thumb_sm": "artwork-thumb-sm/hardineq.png",
      "artist_name": "Isken Kenzhebaev",
      "description": "A unit featuring some of the hardest gems from the golden age of inequalities.",
      "subject": "A",
      "hidden": false
    }
  },
  {
    "model": "core.unitgroup",
    "pk": 27,
    "fields": {
      "name": "Harmonic",
      "slug": "harmonic",
      "artwork": "artwork/harmonic.jpg",
      "artwork_thumb_md": "artwork-thumb-md/harmonic.png",
      "artwork_thumb_sm": "artwork-thumb-sm/harmonic.png",
      "artist_name": "Nurtilek Duishobaev",
      "description": "Your friendly projective geometry unit. Harmonic bundles, poles and polars, and so on. A follow-up to Chapter 9 of EGMO.",
      "subject": "G",
      "hidden": false
    }
  },
  {
    "model": "core.unitgroup",
    "pk": 28,
    "fields": {
      "name": "Heavy NT",
      "slug": "heavynumth",
      "artwork": "artwork/heavynt.png",
      "artwork_thumb_md": "artwork-thumb-md/heavynt.png",
      "artwork_thumb_sm": "artwork-thumb-sm/heavynt.png",
      "artist_name": "Rohan Garg",
      "description": "Heavy machinery in number theory: Vieta jumping, quadratic reciprocity, and some big-name theorems you may or may not have heard of.",
      "subject": "N",
      "hidden": false
    }
  },
  {
    "model": "core.unitgroup",
    "pk": 29,
    "fields": {
      "name": "Homography",
      "slug": "homography",
      "artwork": "artwork/homography.png",
      "artwork_thumb_md": "artwork-thumb-md/homography.png",
      "artwork_thumb_sm": "artwork-thumb-sm/homography.png",
      "artist_name": "Nurtilek Duishobaev",
      "description": "A less friendly and more abstract projective geometry unit, with an emphasis on projective transformations. Most of the theorems will be stated with respect to an arbitrary conic rather than a circle.",
      "subject": "G",
      "hidden": false
    }
  },
  {
    "model": "core.unitgroup",
    "pk": 30,
    "fields": {
      "name": "Hyperbola",
      "slug": "hyperbola",
      "artwork": "artwork/hyperbola.png",
      "artwork_thumb_md": "artwork-thumb-md/hyperbola.png",
      "artwork_thumb_sm": "artwork-thumb-sm/hyperbola.png",
      "artist_name": "anonymous",
      "description": "A silly (but difficult) unit on the theory of rectangular circumhyperbolas and the Poncelet point. For fun, if you really like hardcore projective geometry.",
      "subject": "G",
      "hidden": false
    }
  },
  {
    "model": "core.unitgroup",
    "pk": 31,
    "fields": {
      "name": "Induction & Recursion I",
      "slug": "induct1",
      "artwork": "artwork/induct1.png",
      "artwork_thumb_md": "artwork-thumb-md/induct1.png",
      "artwork_thumb_sm": "artwork-thumb-sm/induct1.png",
      "artist_name": "Jiya Dani",
      "description": "Problems which really use induction and recursion in a substantial way, i.e. the main idea of the problem really is about how (or whether) to induct. Features some AIME-style recursion calculations.",
      "subject": "C",
      "hidden": false
    }
  },
  {
    "model": "core.unitgroup",
    "pk": 32,
    "fields": {
      "name": "Ineq Basic",
      "slug": "ineqbasic",
      "artwork": "artwork/ineqbasic.png",
      "artwork_thumb_md": "artwork-thumb-md/ineqbasic.png",
      "artwork_thumb_sm": "artwork-thumb-sm/ineqbasic.png",
      "artist_name": "Alan Cheng",
      "description": "The basics of inequalities: AM-GM, homogenization, Cauchy/Holder.",
      "subject": "A",
      "hidden": false
    }
  },
  {
    "model": "core.unitgroup",
    "pk": 33,
    "fields": {
      "name": "Ineq Func",
      "slug": "ineqfunc",
      "artwork": "artwork/ineqfunc.png",
      "artwork_thumb_md": "artwork-thumb-md/ineqfunc.png",
      "artwork_thumb_sm": "artwork-thumb-sm/ineqfunc.png",
      "artist_name": "Heyang Ni",
      "description": "Techniques for inequalities of the form $f(x_1) + ... + f(x_n)$. Jensen, Karamata, tangent line trick. The $n-1$ equal value principle is deferred to Ineq Standard.",
      "subject": "A",
      "hidden": false
    }
  },
  {
    "model": "core.unitgroup",
    "pk": 34,
    "fields": {
      "name": "Ineq Standard",
      "slug": "ineqstandard",
      "artwork": "artwork/ineqstandard.png",
      "artwork_thumb_md": "artwork-thumb-md/ineqstandard.png",
      "artwork_thumb_sm": "artwork-thumb-sm/ineqstandard.png",
      "artist_name": "Shrrivathsa Mahesh",
      "description": "Inequalities which can be approached using all the standard methods. This is sort of a combination of Ineq Basic and Ineq Func.",
      "subject": "A",
      "hidden": false
    }
  },
  {
    "model": "core.unitgroup",
    "pk": 35,
    "fields": {
      "name": "Int Polynom",
      "slug": "intpoly",
      "artwork": "",
      "artwork_thumb_md": "",
      "artwork_thumb_sm": "",
      "artist_name": "",
      "description": "A theoretical unit on the algebra and number theory of polynomials over $\\mathbb Z$, bordering into some algebraic number theory and Galois theory. Algebraic integers and irreducible polynomials feature prominently in this unit. The number theory in this unit goes deeper than that used in the Irreducible unit.",
      "subject": "N",
      "hidden": false
    }
  },
  {
    "model": "core.unitgroup",
    "pk": 36,
    "fields": {
      "name": "Inversion and Spiral",
      "slug": "kansas",
      "artwork": "artwork/kansas.png",
      "artwork_thumb_md": "artwork-thumb-md/kansas.png",
      "artwork_thumb_sm": "artwork-thumb-sm/kansas.png",
      "artist_name": "Emily Yu",
      "description": "A harder follow-up unit to chapters 8 and 10 of EGMO.",
      "subject": "G",
      "hidden": false
    }
  },
  {
    "model": "core.unitgroup",
    "pk": 37,
    "fields": {
      "name": "Invert",
      "slug": "invert",
      "artwork": "artwork/invert.jpg",
      "artwork_thumb_md": "artwork-thumb-md/invert.png",
      "artwork_thumb_sm": "artwork-thumb-sm/invert.png",
      "artist_name": "Heyang Ni",
      "description": "Inversion in olympiad geometry, following up chapter 8 of EGMO.",
      "subject": "G",
      "hidden": false
    }
  },
  {
    "model": "core.unitgroup",
    "pk": 38,
    "fields": {
      "name": "Irreducible",
      "slug": "irred",
      "artwork": "artwork/irred.png",
      "artwork_thumb_md": "artwork-thumb-md/irred.png",
      "artwork_thumb_sm": "artwork-thumb-sm/irred.png",
      "artist_name": "Azat Madimarov",
      "description": "Problems about showing polynomials are irreducible; these are rare in olympiads, but give you a lot of good intuition about how $\\mathbb{Z}[x]$ polynomials behave. Techniques that appear include working in $\\mathbb{F}_p[x]$, looking at the magnitude of complex roots a la Rouche, and other ad-hoc tricks. More olympiad algebra than the integer polynomials unit.",
      "subject": "A",
      "hidden": false
    }
  },
  {
    "model": "core.unitgroup",
    "pk": 39,
    "fields": {
      "name": "Linear Algebra",
      "slug": "linalg",
      "artwork": "artwork/linalg.png",
      "artwork_thumb_md": "artwork-thumb-md/linalg.png",
      "artwork_thumb_sm": "artwork-thumb-sm/linalg.png",
      "artist_name": "Lum Jerliu",
      "description": "Problems using linear algebra (rather than problems about linear algebra). Most of the problems here are combinatorial in nature as a result, and there is a mix of linear algebra over $\\mathbb R$ and linear algebra over $\\mathbb{F}_2$.",
      "subject": "C",
      "hidden": false
    }
  },
  {
    "model": "core.unitgroup",
    "pk": 40,
    "fields": {
      "name": "Local",
      "slug": "local",
      "artwork": "artwork/local.png",
      "artwork_thumb_md": "artwork-thumb-md/local.png",
      "artwork_thumb_sm": "artwork-thumb-sm/local.png",
      "artist_name": "Emily Yu",
      "description": "In contrast to the global unit, this unit is about problems starting from somewhere and perturbing it by a little bit. For example, in a greedy algorithm, if I want a set $S$ of size at least 100 with a certain property, I can imagine starting with $S$ empty and then grabbing things to add to $S$ while trying to avoid bad-ness (whatever that means for the current problem). It's then enough to prove I don't get stuck at any point. Most of the problems in this unit will have a similar algorithmic feeling.",
      "subject": "C",
      "hidden": false
    }
  },
  {
    "model": "core.unitgroup",
    "pk": 41,
    "fields": {
      "name": "Monster FE",
      "slug": "monster",
      "artwork": "artwork/monster.png",
      "artwork_thumb_md": "artwork-thumb-md/monster.png",
      "artwork_thumb_sm": "artwork-thumb-sm/monster.png",
      "artist_name": "Owen Zhang",
      "description": "The functional equations that don't bore me, because the solution isn't just $f(x) = x$ anymore! This follows up the Monsters handout on my website.",
      "subject": "F",
      "hidden": false
    }
  },
  {
    "model": "core.unitgroup",
    "pk": 42,
    "fields": {
      "name": "Mystery",
      "slug": "mystery",
      "artwork": "artwork/mystery.png",
      "artwork_thumb_md": "artwork-thumb-md/mystery.png",
      "artwork_thumb_sm": "artwork-thumb-sm/mystery.png",
      "artist_name": "Alon Ragoler",
      "description": "This one's a secret. It's a bit weird, but for this unit to work I have to start by not telling you what it's about.",
      "subject": "C",
      "hidden": false
    }
  },
  {
    "model": "core.unitgroup",
    "pk": 43,
    "fields": {
      "name": "NT Construct",
      "slug": "ntconstruct",
      "artwork": "",
      "artwork_thumb_md": "",
      "artwork_thumb_sm": "",
      "artist_name": "",
      "description": "Construction problems in number theory. In some ways it's like the free unit because you get to make some decisions, but in other ways Z has a lot of structure that you might know things about, and you'll have to balance these two intuitions.",
      "subject": "N",
      "hidden": false
    }
  },
  {
    "model": "core.unitgroup",
    "pk": 44,
    "fields": {
      "name": "Orders",
      "slug": "orders",
      "artwork": "artwork/orders.png",
      "artwork_thumb_md": "artwork-thumb-md/orders.png",
      "artwork_thumb_sm": "artwork-thumb-sm/orders.png",
      "artist_name": "Rohan Garg",
      "description": "Orders modulo a prime, at the border of AIME and USA(J)MO but leaning a lot more towards the latter. Intended as an introduction into olympiad number theory.",
      "subject": "N",
      "hidden": false
    }
  },
  {
    "model": "core.unitgroup",
    "pk": 45,
    "fields": {
      "name": "Prime Exponents",
      "slug": "vp",
      "artwork": "artwork/vp.png",
      "artwork_thumb_md": "artwork-thumb-md/vp.png",
      "artwork_thumb_sm": "artwork-thumb-sm/vp.png",
      "artist_name": "Heyang Ni",
      "description": "The use of $\\nu_p$ in handling olympiad problems.",
      "subject": "N",
      "hidden": false
    }
  },
  {
    "model": "core.unitgroup",
    "pk": 46,
    "fields": {
      "name": "Process",
      "slug": "process",
      "artwork": "artwork/process.png",
      "artwork_thumb_md": "artwork-thumb-md/process.png",
      "artwork_thumb_sm": "artwork-thumb-sm/process.png",
      "artist_name": "Owen Zhang",
      "description": "This is about staring at a moving process (e.g. windmill) and trying to understand what is going on. (The most common thing people say here is monovariants or invariants, but that's only one example of a way you can understand a process.) In a lot of ways it's like the Rigid unit, except your data is way less concrete, and in some cases unobtainable, so you'll be applying the same intuition in a more hostile environment.",
      "subject": "C",
      "hidden": false
    }
  },
  {
    "model": "core.unitgroup",
    "pk": 47,
    "fields": {
      "name": "Grids",
      "slug": "grids",
      "artwork": "artwork/grids.png",
      "artwork_thumb_md": "artwork-thumb-md/grids.png",
      "artwork_thumb_sm": "artwork-thumb-sm/grids.png",
      "artist_name": "Cecilia Sun",
      "description": "A fun but difficult unit on combinatorics problems involving rectangular grids.",
      "subject": "C",
      "hidden": false
    }
  },
  {
    "model": "core.unitgroup",
    "pk": 48,
    "fields": {
      "name": "Rigid",
      "slug": "rigid",
      "artwork": "artwork/rigid.png",
      "artwork_thumb_md": "artwork-thumb-md/rigid.png",
      "artwork_thumb_sm": "artwork-thumb-sm/rigid.png",
      "artist_name": "Arul Kolla",
      "description": "This is one of my favorite units. It's about problems which involve taking a fixed structure, and trying to figure out as much as you can about it --- the task the problem asks you to actually prove becomes unimportant, almost like an answer extraction at the end. Rigid problems often have so few degrees of freedom that a lot of what you'll be doing is writing down a lot of concrete examples, and then trying to figure out what they have in common. You will feel like you are discovering mathematics, rather than inventing it (in contrast to the Free unit).",
      "subject": "C",
      "hidden": false
    }
  },
  {
    "model": "core.unitgroup",
    "pk": 49,
    "fields": {
      "name": "Russian Combo",
      "slug": "russian",
      "artwork": "artwork/russian.png",
      "artwork_thumb_md": "artwork-thumb-md/russian.png",
      "artwork_thumb_sm": "artwork-thumb-sm/russian.png",
      "artist_name": "Cecilia Sun",
      "description": "A fun unit involving combinatorics problems from Russia.",
      "subject": "C",
      "hidden": false
    }
  },
  {
    "model": "core.unitgroup",
    "pk": 50,
    "fields": {
      "name": "Size in NT",
      "slug": "sizent",
      "artwork": "artwork/sizent.png",
      "artwork_thumb_md": "artwork-thumb-md/sizent.png",
      "artwork_thumb_sm": "artwork-thumb-sm/sizent.png",
      "artist_name": "Anurag Singh",
      "description": "Using size as a way to handle number theory conditions, for example taking sufficiently large primes. On the border between olympiad algebra and olympiad number theory.",
      "subject": "N",
      "hidden": false
    }
  },
  {
    "model": "core.unitgroup",
    "pk": 51,
    "fields": {
      "name": "Spiral",
      "slug": "spiral",
      "artwork": "artwork/spiral.png",
      "artwork_thumb_md": "artwork-thumb-md/spiral.png",
      "artwork_thumb_sm": "artwork-thumb-sm/spiral.png",
      "artist_name": "Lum Jerliu",
      "description": "Spiral similarity and Miquel points, following up chapter 10 of EGMO.",
      "subject": "G",
      "hidden": false
    }
  },
  {
    "model": "core.unitgroup",
    "pk": 52,
    "fields": {
      "name": "Sums",
      "slug": "sums",
      "artwork": "artwork/sums.png",
      "artwork_thumb_md": "artwork-thumb-md/sums.png",
      "artwork_thumb_sm": "artwork-thumb-sm/sums.png",
      "artist_name": "Jacopo Rizzo",
      "description": "Practice with manipulating sums, and in particular switching the order of summation (or integration). Features generating functions and Snake Oil as well.",
      "subject": "A",
      "hidden": false
    }
  },
  {
    "model": "core.unitgroup",
    "pk": 53,
    "fields": {
      "name": "Super Bary",
      "slug": "superbary",
      "artwork": "artwork/superbary.png",
      "artwork_thumb_md": "artwork-thumb-md/superbary.png",
      "artwork_thumb_sm": "artwork-thumb-sm/superbary.png",
      "artist_name": "Evan Chen",
      "description": "A more difficult version of the barycentric coordinates unit.",
      "subject": "G",
      "hidden": false
    }
  },
  {
    "model": "core.unitgroup",
    "pk": 54,
    "fields": {
      "name": "Super Complex",
      "slug": "supercomplex",
      "artwork": "artwork/supercomplex.png",
      "artwork_thumb_md": "artwork-thumb-md/supercomplex.png",
      "artwork_thumb_sm": "artwork-thumb-sm/supercomplex.png",
      "artist_name": "Evan Chen",
      "description": "A more difficult version of the complex numbers unit.",
      "subject": "G",
      "hidden": false
    }
  },
  {
    "model": "core.unitgroup",
    "pk": 55,
    "fields": {
      "name": "Super NT",
      "slug": "supernumth",
      "artwork": "artwork/supernumth.jpg",
      "artwork_thumb_md": "artwork-thumb-md/supernumth.png",
      "artwork_thumb_sm": "artwork-thumb-sm/supernumth.png",
      "artist_name": "Sambhu Ganesan",
      "description": "Number theory practice for experts, combining problems from Exp and Heavy NT as well as some other sources.",
      "subject": "N",
      "hidden": false
    }
  },
  {
    "model": "core.unitgroup",
    "pk": 56,
    "fields": {
      "name": "Symm Polynom",
      "slug": "sympoly",
      "artwork": "artwork/sympoly.png",
      "artwork_thumb_md": "artwork-thumb-md/sympoly.png",
      "artwork_thumb_sm": "artwork-thumb-sm/sympoly.png",
      "artist_name": "Rohan Dhillon",
      "description": "Vieta formulas, Newton sums, and the fundamental theorem of symmetric polynomials. Involves some computational problems. In my opinion, this is probably the easiest unit.",
      "subject": "A",
      "hidden": false
    }
  },
  {
    "model": "core.unitgroup",
    "pk": 57,
    "fields": {
      "name": "Tricky Ineq",
      "slug": "trickineq",
      "artwork": "artwork/trickineq.png",
      "artwork_thumb_md": "artwork-thumb-md/trickineq.png",
      "artwork_thumb_sm": "artwork-thumb-sm/trickineq.png",
      "artist_name": "Joel Gerlarch",
      "description": "Harder inequality problems that don't succumb to the standard methods: it takes some more ingenuity to figure out how to approach these.",
      "subject": "A",
      "hidden": false
    }
  },
  {
    "model": "core.unitgroup",
    "pk": 58,
    "fields": {
      "name": "Weird Geo",
      "slug": "weirdgeo",
      "artwork": "artwork/weirdgeo.png",
      "artwork_thumb_md": "artwork-thumb-md/weirdgeo.png",
      "artwork_thumb_sm": "artwork-thumb-sm/weirdgeo.png",
      "artist_name": "Emily Yu",
      "description": "Those weird geometry problems that involve pentagons and hexagons and whatnot (see USAMO 2011/3 for example). Careful use of complex numbers and counting degrees of freedom are important for this unit.",
      "subject": "G",
      "hidden": false
    }
  },
  {
    "model": "core.unitgroup",
    "pk": 59,
    "fields": {
      "name": "Putnam Analysis",
      "slug": "putnamana",
      "artwork": "artwork/putnamana.png",
      "artwork_thumb_md": "artwork-thumb-md/putnamana.png",
      "artwork_thumb_sm": "artwork-thumb-sm/putnamana.png",
      "artist_name": "Owen Zhang",
      "description": "An extension of the Sums unit --- rather than just swapping infinite sums, we now get to enjoy swapping infinite integrals as well.",
      "subject": "A",
      "hidden": false
    }
  },
  {
    "model": "core.unitgroup",
    "pk": 61,
    "fields": {
      "name": "Moving Points",
      "slug": "movingpts",
      "artwork": "artwork/movingpts.png",
      "artwork_thumb_md": "artwork-thumb-md/movingpts.png",
      "artwork_thumb_sm": "artwork-thumb-sm/movingpts.png",
      "artist_name": "Alan Cheng",
      "description": "A technique involving animating points and considering resulting projective maps. This lecture was contributed by Anant Mudgal.",
      "subject": "G",
      "hidden": false
    }
  },
  {
    "model": "core.unitgroup",
    "pk": 62,
    "fields": {
      "name": "Formulas",
      "slug": "formulas",
      "artwork": "artwork/formulas.png",
      "artwork_thumb_md": "artwork-thumb-md/formulas.png",
      "artwork_thumb_sm": "artwork-thumb-sm/formulas.png",
      "artist_name": "Alex Zhao",
      "description": "Based on Yang Liu's class \"Write Down Formulas\" at MOP 2018. This unit consists of problems which involve manipulations of fairly involved formulas, such as combinatorial recursions or number theoretic power sums. Despite officially being algebra, there are just as many (maybe more) problems that would be classified as C or N.",
      "subject": "A",
      "hidden": false
    }
  },
  {
    "model": "core.unitgroup",
    "pk": 63,
    "fields": {
      "name": "Wrapped Func Eqn",
      "slug": "wrapfn",
      "artwork": "artwork/wrapfn.png",
      "artwork_thumb_md": "artwork-thumb-md/wrapfn.png",
      "artwork_thumb_sm": "artwork-thumb-sm/wrapfn.png",
      "artist_name": "Lum Jerliu",
      "description": "On real-valued functional equations in which all variables are \"wrapped\" by the function in some way.",
      "subject": "F",
      "hidden": false
    }
  },
  {
    "model": "core.unitgroup",
    "pk": 64,
    "fields": {
      "name": "C8 Summit",
      "slug": "c8summit",
      "artwork": "artwork/c8summit.png",
      "artwork_thumb_md": "artwork-thumb-md/c8summit.png",
      "artwork_thumb_sm": "artwork-thumb-sm/c8summit.png",
      "artist_name": "Owen Zhang",
      "description": "A challenging combinatorics unit to conclude the year, with difficult problems reviewing everything that has appeared earlier.",
      "subject": "C",
      "hidden": false
    }
  },
  {
    "model": "core.unitgroup",
    "pk": 65,
    "fields": {
      "name": "Cyclotomic",
      "slug": "cyclotomic",
      "artwork": "artwork/cyclotomic.png",
      "artwork_thumb_md": "artwork-thumb-md/cyclotomic.png",
      "artwork_thumb_sm": "artwork-thumb-sm/cyclotomic.png",
      "artist_name": "Aaryan Vaishya",
      "description": "Roots of unity. Using $e^{i \\theta} = \\cos(\\theta) + i \\sin(\\theta)$, and connecting them to trigonometry, etc. Features a ton of problems from Math Prize for Girls. Despite the name of the unit, cyclotomic polynomials themselves don't appear very often; the idea of roots of unity is much more prevalent.",
      "subject": "A",
      "hidden": false
    }
  },
  {
    "model": "core.unitgroup",
    "pk": 66,
    "fields": {
      "name": "Entry Combo",
      "slug": "entry",
      "artwork": "artwork/entry.png",
      "artwork_thumb_md": "artwork-thumb-md/entry.png",
      "artwork_thumb_sm": "artwork-thumb-sm/entry.png",
      "artist_name": "Rohan Dhillon",
      "description": "A beginner combinatorics unit, meant to help get people oriented with typical proof styles for olympiad problems. Induction, recursion, invariants, and algorithms.",
      "subject": "C",
      "hidden": false
    }
  },
  {
    "model": "core.unitgroup",
    "pk": 67,
    "fields": {
      "name": "Hybrid Geo",
      "slug": "hybrid",
      "artwork": "artwork/hybrid.png",
      "artwork_thumb_md": "artwork-thumb-md/hybrid.png",
      "artwork_thumb_sm": "artwork-thumb-sm/hybrid.png",
      "artist_name": "Joel Gerlach",
      "description": "Geometry problems that involve heavy use of trig/length, featuring a lot of geometric inequalities. Also a bit of combinatorial geometry mixed in.",
      "subject": "G",
      "hidden": false
    }
  },
  {
    "model": "core.unitgroup",
    "pk": 68,
    "fields": {
      "name": "IOI",
      "slug": "ioi",
      "artwork": "artwork/ioi.png",
      "artwork_thumb_md": "artwork-thumb-md/ioi.png",
      "artwork_thumb_sm": "artwork-thumb-sm/ioi.png",
      "artist_name": "Soumitro Shovon Dwip",
      "description": "Algorithmic problems which involve showing that it is possible to achieve some task (rather than finding invariants or proving impossibility). Features selected problems from the IOI, so some CS background is helpful but not necessary.",
      "subject": "C",
      "hidden": false
    }
  },
  {
    "model": "core.unitgroup",
    "pk": 69,
    "fields": {
      "name": "Alg Manip",
      "slug": "algmanip",
      "artwork": "",
      "artwork_thumb_md": "",
      "artwork_thumb_sm": "",
      "artist_name": "",
      "description": "Problems that purely involve algebraic manipulations without some other context, e.g. solving rather arbitrary equations or systems of equations.",
      "subject": "A",
      "hidden": false
    }
  },
  {
    "model": "core.unitgroup",
    "pk": 70,
    "fields": {
      "name": "Dummy Unit",
      "slug": "dummy",
      "artwork": "",
      "artwork_thumb_md": "",
      "artwork_thumb_sm": "",
      "artist_name": "",
      "description": "Not an actual unit; used internally as a canonical file for testing. If you unlock this unit, you will get a blank file. NOTHING TO SEE HERE MOVE ALONG.\r\n\r\nMore seriously you can use this to test the submission interface too if you are new to OTIS.",
      "subject": "M",
      "hidden": false
    }
  },
  {
    "model": "core.unitgroup",
    "pk": 71,
    "fields": {
      "name": "Art School",
      "slug": "artschool",
      "artwork": "artwork/artschool.png",
      "artwork_thumb_md": "artwork-thumb-md/artschool.png",
      "artwork_thumb_sm": "artwork-thumb-sm/artschool.png",
      "artist_name": "Evan Chen",
      "description": "This is a unit about building \"diagram intuition\": being able to take a geometry diagram (which may be good or bad) and trying to get a sense of which claims should or shouldn't be true.",
      "subject": "G",
      "hidden": false
    }
  },
  {
    "model": "core.unitgroup",
    "pk": 72,
    "fields": {
      "name": "Real Polynom",
      "slug": "realpoly",
      "artwork": "artwork/realpoly.png",
      "artwork_thumb_md": "artwork-thumb-md/realpoly.png",
      "artwork_thumb_sm": "artwork-thumb-sm/realpoly.png",
      "artist_name": "Owen Zhang",
      "description": "General polynomials unit, maintaining some distance from integer polynomials (though still overlapping slightly). Includes Vieta/Newton, multivariable polynomials, Lagrange interpolation, size arguments, differentiation.",
      "subject": "A",
      "hidden": false
    }
  },
  {
    "model": "core.unitgroup",
    "pk": 73,
    "fields": {
      "name": "Config Geo",
      "slug": "configgeo",
      "artwork": "artwork/configgeo.png",
      "artwork_thumb_md": "artwork-thumb-md/configgeo.png",
      "artwork_thumb_sm": "artwork-thumb-sm/configgeo.png",
      "artist_name": "Evan Chen",
      "description": "Formerly known as \"American Geo\". This is a unit on geometry problems with a highly traditional or synthetic flavor, for example USAMO 2016/3 and USAMO 2017/3. These sorts of problems were popular on the USA olympiads and team selection tests around 2016 and it is totally not my fault. These particular ones tend to use common or standard configurations as a base and build on top of them, as opposed to starting afresh.",
      "subject": "G",
      "hidden": false
    }
  },
  {
    "model": "core.unitgroup",
    "pk": 74,
    "fields": {
      "name": "G6 Summit",
      "slug": "g6summit",
      "artwork": "artwork/g6summit.png",
      "artwork_thumb_md": "artwork-thumb-md/g6summit.png",
      "artwork_thumb_sm": "artwork-thumb-sm/g6summit.png",
      "artist_name": "Aditya Pahuja",
      "description": "A challenging geometry unit to conclude the year, with difficult problems reviewing everything that has appeared earlier.",
      "subject": "G",
      "hidden": false
    }
  },
  {
    "model": "core.unitgroup",
    "pk": 75,
    "fields": {
      "name": "N7 Summit",
      "slug": "n7summit",
      "artwork": "artwork/n7summit.png",
      "artwork_thumb_md": "artwork-thumb-md/n7summit.png",
      "artwork_thumb_sm": "artwork-thumb-sm/n7summit.png",
      "artist_name": "``Milk''",
      "description": "A challenging number theory unit to conclude the year, with difficult problems reviewing everything that has appeared earlier.",
      "subject": "N",
      "hidden": false
    }
  },
  {
    "model": "core.unitgroup",
    "pk": 76,
    "fields": {
      "name": "Misc NT",
      "slug": "miscnt",
      "artwork": "artwork/miscnt.png",
      "artwork_thumb_md": "artwork-thumb-md/miscnt.png",
      "artwork_thumb_sm": "artwork-thumb-sm/miscnt.png",
      "artist_name": "Emily Yu",
      "description": "Miscellaneous number theory problems that didn't fit well in other units.",
      "subject": "N",
      "hidden": false
    }
  },
  {
    "model": "core.unitgroup",
    "pk": 77,
    "fields": {
      "name": "Forest of Wandering (Lv 35)",
      "slug": "forest",
      "artwork": "",
      "artwork_thumb_md": "",
      "artwork_thumb_sm": "",
      "artist_name": "",
      "description": "Secret unit unlocked at Level 35.",
      "subject": "K",
      "hidden": false
    }
  },
  {
    "model": "core.unitgroup",
    "pk": 78,
    "fields": {
      "name": "Hill of Memories (Lv 47)",
      "slug": "hill",
      "artwork": "",
      "artwork_thumb_md": "",
      "artwork_thumb_sm": "",
      "artist_name": "",
      "description": "Secret unit that appears once level 47 is reached.",
      "subject": "K",
      "hidden": false
    }
  },
  {
    "model": "core.unitgroup",
    "pk": 79,
    "fields": {
      "name": "Insect Land (Lv 61)",
      "slug": "selmburg",
      "artwork": "",
      "artwork_thumb_md": "",
      "artwork_thumb_sm": "",
      "artist_name": "",
      "description": "Secret unit that appears at level 61.",
      "subject": "K",
      "hidden": false
    }
  },
  {
    "model": "core.unitgroup",
    "pk": 80,
    "fields": {
      "name": "Collinia Colosseum (Lv 75)",
      "slug": "collinia",
      "artwork": "",
      "artwork_thumb_md": "",
      "artwork_thumb_sm": "",
      "artist_name": "",
      "description": "Secret unit that appears at level 75.",
      "subject": "K",
      "hidden": false
    }
  },
  {
    "model": "core.unitgroup",
    "pk": 81,
    "fields": {
      "name": "Induction & Recursion II",
      "slug": "induct2",
      "artwork": "artwork/induct2.png",
      "artwork_thumb_md": "artwork-thumb-md/induct2.png",
      "artwork_thumb_sm": "artwork-thumb-sm/induct2.png",
      "artist_name": "Soumitro Shovon Dwip",
      "description": "This is a duplicate of Induction I, but more difficult and with different artwork.",
      "subject": "C",
      "hidden": false
    }
  },
  {
    "model": "core.unitgroup",
    "pk": 82,
    "fields": {
      "name": "Analytic NT",
      "slug": "analyticnt",
      "artwork": "artwork/analyticnt.jpg",
      "artwork_thumb_md": "artwork-thumb-md/analyticnt.png",
      "artwork_thumb_sm": "artwork-thumb-sm/analyticnt.png",
      "artist_name": "Nurtilek Duishobaev",
      "description": "Problems that involve asymptotic calculations in number theory, featuring some multiplicative number theory. Convolution method, and generally problems that require more technical estimates.",
      "subject": "N",
      "hidden": false
    }
  },
  {
    "model": "core.unit",
    "pk": 1,
    "fields": {
      "group": 1,
      "code": "BGX",
      "position": 85
    }
  },
  {
    "model": "core.unit",
    "pk": 3,
    "fields": {
      "group": 2,
      "code": "BNW",
      "position": 53
    }
  },
  {
    "model": "core.unit",
    "pk": 4,
    "fields": {
      "group": 3,
      "code": "DGX",
      "position": 38
    }
  },
  {
    "model": "core.unit",
    "pk": 5,
    "fields": {
      "group": 3,
      "code": "ZGX",
      "position": 39
    }
  },
  {
    "model": "core.unit",
    "pk": 6,
    "fields": {
      "group": 73,
      "code": "ZGY",
      "position": 100
    }
  },
  {
    "model": "core.unit",
    "pk": 7,
    "fields": {
      "group": 4,
      "code": "DAY",
      "position": 47
    }
  },
  {
    "model": "core.unit",
    "pk": 8,
    "fields": {
      "group": 4,
      "code": "ZAY",
      "position": 48
    }
  },
  {
    "model": "core.unit",
    "pk": 9,
    "fields": {
      "group": 7,
      "code": "BGW",
      "position": 43
    }
  },
  {
    "model": "core.unit",
    "pk": 10,
    "fields": {
      "group": 7,
      "code": "DGW",
      "position": 44
    }
  },
  {
    "model": "core.unit",
    "pk": 11,
    "fields": {
      "group": 7,
      "code": "DGX",
      "position": 84
    }
  },
  {
    "model": "core.unit",
    "pk": 13,
    "fields": {
      "group": 8,
      "code": "ZCW",
      "position": 52
    }
  },
  {
    "model": "core.unit",
    "pk": 14,
    "fields": {
      "group": 9,
      "code": "BGW",
      "position": 40
    }
  },
  {
    "model": "core.unit",
    "pk": 15,
    "fields": {
      "group": 9,
      "code": "DGW",
      "position": 41
    }
  },
  {
    "model": "core.unit",
    "pk": 16,
    "fields": {
      "group": 9,
      "code": "DGX",
      "position": 83
    }
  },
  {
    "model": "core.unit",
    "pk": 18,
    "fields": {
      "group": 11,
      "code": "DNW",
      "position": 55
    }
  },
  {
    "model": "core.unit",
    "pk": 20,
    "fields": {
      "group": 13,
      "code": "BGY",
      "position": 81
    }
  },
  {
    "model": "core.unit",
    "pk": 21,
    "fields": {
      "group": 13,
      "code": "DGY",
      "position": 82
    }
  },
  {
    "model": "core.unit",
    "pk": 22,
    "fields": {
      "group": 14,
      "code": "DCW",
      "position": 24
    }
  },
  {
    "model": "core.unit",
    "pk": 23,
    "fields": {
      "group": 14,
      "code": "ZCW",
      "position": 25
    }
  },
  {
    "model": "core.unit",
    "pk": 25,
    "fields": {
      "group": 15,
      "code": "DNY",
      "position": 33
    }
  },
  {
    "model": "core.unit",
    "pk": 26,
    "fields": {
      "group": 16,
      "code": "BCW",
      "position": 9
    }
  },
  {
    "model": "core.unit",
    "pk": 27,
    "fields": {
      "group": 17,
      "code": "ZCX",
      "position": 109
    }
  },
  {
    "model": "core.unit",
    "pk": 29,
    "fields": {
      "group": 18,
      "code": "DCW",
      "position": 62
    }
  },
  {
    "model": "core.unit",
    "pk": 32,
    "fields": {
      "group": 18,
      "code": "ZCX",
      "position": 63
    }
  },
  {
    "model": "core.unit",
    "pk": 33,
    "fields": {
      "group": 19,
      "code": "BFW",
      "position": 18
    }
  },
  {
    "model": "core.unit",
    "pk": 34,
    "fields": {
      "group": 19,
      "code": "DFW",
      "position": 17
    }
  },
  {
    "model": "core.unit",
    "pk": 35,
    "fields": {
      "group": 19,
      "code": "DFX",
      "position": 94
    }
  },
  {
    "model": "core.unit",
    "pk": 37,
    "fields": {
      "group": 19,
      "code": "ZFX",
      "position": 95
    }
  },
  {
    "model": "core.unit",
    "pk": 38,
    "fields": {
      "group": 19,
      "code": "ZFW",
      "position": 93
    }
  },
  {
    "model": "core.unit",
    "pk": 39,
    "fields": {
      "group": 20,
      "code": "BAX",
      "position": 26
    }
  },
  {
    "model": "core.unit",
    "pk": 40,
    "fields": {
      "group": 21,
      "code": "BCW",
      "position": 10
    }
  },
  {
    "model": "core.unit",
    "pk": 41,
    "fields": {
      "group": 21,
      "code": "DCW",
      "position": 11
    }
  },
  {
    "model": "core.unit",
    "pk": 42,
    "fields": {
      "group": 21,
      "code": "DCX",
      "position": 12
    }
  },
  {
    "model": "core.unit",
    "pk": 43,
    "fields": {
      "group": 23,
      "code": "DCX",
      "position": 104
    }
  },
  {
    "model": "core.unit",
    "pk": 45,
    "fields": {
      "group": 24,
      "code": "DMY",
      "position": 68
    }
  },
  {
    "model": "core.unit",
    "pk": 46,
    "fields": {
      "group": 24,
      "code": "ZMY",
      "position": 69
    }
  },
  {
    "model": "core.unit",
    "pk": 47,
    "fields": {
      "group": 25,
      "code": "BCW",
      "position": 115
    }
  },
  {
    "model": "core.unit",
    "pk": 48,
    "fields": {
      "group": 26,
      "code": "ZAY",
      "position": 92
    }
  },
  {
    "model": "core.unit",
    "pk": 49,
    "fields": {
      "group": 27,
      "code": "DGW",
      "position": 1
    }
  },
  {
    "model": "core.unit",
    "pk": 50,
    "fields": {
      "group": 27,
      "code": "DGX",
      "position": 2
    }
  },
  {
    "model": "core.unit",
    "pk": 53,
    "fields": {
      "group": 28,
      "code": "DNW",
      "position": 56
    }
  },
  {
    "model": "core.unit",
    "pk": 55,
    "fields": {
      "group": 29,
      "code": "ZGY",
      "position": 4
    }
  },
  {
    "model": "core.unit",
    "pk": 56,
    "fields": {
      "group": 30,
      "code": "ZGX",
      "position": 51
    }
  },
  {
    "model": "core.unit",
    "pk": 57,
    "fields": {
      "group": 31,
      "code": "BCX",
      "position": 21
    }
  },
  {
    "model": "core.unit",
    "pk": 60,
    "fields": {
      "group": 81,
      "code": "DCY",
      "position": 22
    }
  },
  {
    "model": "core.unit",
    "pk": 61,
    "fields": {
      "group": 32,
      "code": "BAW",
      "position": 29
    }
  },
  {
    "model": "core.unit",
    "pk": 62,
    "fields": {
      "group": 33,
      "code": "BAW",
      "position": 89
    }
  },
  {
    "model": "core.unit",
    "pk": 64,
    "fields": {
      "group": 36,
      "code": "ZGY",
      "position": 98
    }
  },
  {
    "model": "core.unit",
    "pk": 65,
    "fields": {
      "group": 37,
      "code": "DGW",
      "position": 97
    }
  },
  {
    "model": "core.unit",
    "pk": 67,
    "fields": {
      "group": 38,
      "code": "DAX",
      "position": 46
    }
  },
  {
    "model": "core.unit",
    "pk": 68,
    "fields": {
      "group": 39,
      "code": "DCY",
      "position": 49
    }
  },
  {
    "model": "core.unit",
    "pk": 69,
    "fields": {
      "group": 39,
      "code": "ZCY",
      "position": 50
    }
  },
  {
    "model": "core.unit",
    "pk": 70,
    "fields": {
      "group": 40,
      "code": "DCW",
      "position": 13
    }
  },
  {
    "model": "core.unit",
    "pk": 71,
    "fields": {
      "group": 40,
      "code": "DCX",
      "position": 14
    }
  },
  {
    "model": "core.unit",
    "pk": 73,
    "fields": {
      "group": 41,
      "code": "DFW",
      "position": 19
    }
  },
  {
    "model": "core.unit",
    "pk": 74,
    "fields": {
      "group": 41,
      "code": "ZFW",
      "position": 20
    }
  },
  {
    "model": "core.unit",
    "pk": 75,
    "fields": {
      "group": 42,
      "code": "BCW",
      "position": 114
    }
  },
  {
    "model": "core.unit",
    "pk": 76,
    "fields": {
      "group": 44,
      "code": "BNW",
      "position": 54
    }
  },
  {
    "model": "core.unit",
    "pk": 78,
    "fields": {
      "group": 56,
      "code": "BAW",
      "position": 5
    }
  },
  {
    "model": "core.unit",
    "pk": 80,
    "fields": {
      "group": 48,
      "code": "DCX",
      "position": 60
    }
  },
  {
    "model": "core.unit",
    "pk": 82,
    "fields": {
      "group": 48,
      "code": "ZCX",
      "position": 61
    }
  },
  {
    "model": "core.unit",
    "pk": 83,
    "fields": {
      "group": 49,
      "code": "DCX",
      "position": 122
    }
  },
  {
    "model": "core.unit",
    "pk": 84,
    "fields": {
      "group": 51,
      "code": "DGW",
      "position": 96
    }
  },
  {
    "model": "core.unit",
    "pk": 86,
    "fields": {
      "group": 52,
      "code": "BAX",
      "position": 27
    }
  },
  {
    "model": "core.unit",
    "pk": 87,
    "fields": {
      "group": 52,
      "code": "DAX",
      "position": 28
    }
  },
  {
    "model": "core.unit",
    "pk": 88,
    "fields": {
      "group": 53,
      "code": "ZGX",
      "position": 45
    }
  },
  {
    "model": "core.unit",
    "pk": 89,
    "fields": {
      "group": 54,
      "code": "ZGX",
      "position": 42
    }
  },
  {
    "model": "core.unit",
    "pk": 90,
    "fields": {
      "group": 55,
      "code": "ZNW",
      "position": 57
    }
  },
  {
    "model": "core.unit",
    "pk": 91,
    "fields": {
      "group": 55,
      "code": "ZNX",
      "position": 58
    }
  },
  {
    "model": "core.unit",
    "pk": 92,
    "fields": {
      "group": 57,
      "code": "DAX",
      "position": 90
    }
  },
  {
    "model": "core.unit",
    "pk": 93,
    "fields": {
      "group": 46,
      "code": "DCY",
      "position": 64
    }
  },
  {
    "model": "core.unit",
    "pk": 94,
    "fields": {
      "group": 46,
      "code": "ZCY",
      "position": 65
    }
  },
  {
    "model": "core.unit",
    "pk": 96,
    "fields": {
      "group": 58,
      "code": "ZGX",
      "position": 88
    }
  },
  {
    "model": "core.unit",
    "pk": 98,
    "fields": {
      "group": 22,
      "code": "ZCW",
      "position": 15
    }
  },
  {
    "model": "core.unit",
    "pk": 99,
    "fields": {
      "group": 22,
      "code": "ZCX",
      "position": 16
    }
  },
  {
    "model": "core.unit",
    "pk": 100,
    "fields": {
      "group": 43,
      "code": "DNY",
      "position": 70
    }
  },
  {
    "model": "core.unit",
    "pk": 101,
    "fields": {
      "group": 43,
      "code": "ZNY",
      "position": 71
    }
  },
  {
    "model": "core.unit",
    "pk": 102,
    "fields": {
      "group": 35,
      "code": "DNY",
      "position": 72
    }
  },
  {
    "model": "core.unit",
    "pk": 103,
    "fields": {
      "group": 35,
      "code": "ZNY",
      "position": 73
    }
  },
  {
    "model": "core.unit",
    "pk": 104,
    "fields": {
      "group": 34,
      "code": "DAX",
      "position": 30
    }
  },
  {
    "model": "core.unit",
    "pk": 105,
    "fields": {
      "group": 12,
      "code": "ZMY",
      "position": 127
    }
  },
  {
    "model": "core.unit",
    "pk": 106,
    "fields": {
      "group": 73,
      "code": "DGY",
      "position": 99
    }
  },
  {
    "model": "core.unit",
    "pk": 107,
    "fields": {
      "group": 25,
      "code": "DCW",
      "position": 116
    }
  },
  {
    "model": "core.unit",
    "pk": 109,
    "fields": {
      "group": 5,
      "code": "DMW",
      "position": 79
    }
  },
  {
    "model": "core.unit",
    "pk": 113,
    "fields": {
      "group": 10,
      "code": "DMW",
      "position": 106
    }
  },
  {
    "model": "core.unit",
    "pk": 114,
    "fields": {
      "group": 10,
      "code": "ZMW",
      "position": 107
    }
  },
  {
    "model": "core.unit",
    "pk": 115,
    "fields": {
      "group": 50,
      "code": "DNW",
      "position": 76
    }
  },
  {
    "model": "core.unit",
    "pk": 116,
    "fields": {
      "group": 58,
      "code": "DGX",
      "position": 87
    }
  },
  {
    "model": "core.unit",
    "pk": 118,
    "fields": {
      "group": 26,
      "code": "ZAW",
      "position": 91
    }
  },
  {
    "model": "core.unit",
    "pk": 119,
    "fields": {
      "group": 6,
      "code": "DCW",
      "position": 120
    }
  },
  {
    "model": "core.unit",
    "pk": 120,
    "fields": {
      "group": 6,
      "code": "ZCW",
      "position": 121
    }
  },
  {
    "model": "core.unit",
    "pk": 121,
    "fields": {
      "group": 13,
      "code": "BGW",
      "position": 34
    }
  },
  {
    "model": "core.unit",
    "pk": 122,
    "fields": {
      "group": 45,
      "code": "BNW",
      "position": 31
    }
  },
  {
    "model": "core.unit",
    "pk": 123,
    "fields": {
      "group": 47,
      "code": "ZCY",
      "position": 123
    }
  },
  {
    "model": "core.unit",
    "pk": 124,
    "fields": {
      "group": 23,
      "code": "ZCX",
      "position": 105
    }
  },
  {
    "model": "core.unit",
    "pk": 125,
    "fields": {
      "group": 13,
      "code": "DGW",
      "position": 35
    }
  },
  {
    "model": "core.unit",
    "pk": 126,
    "fields": {
      "group": 59,
      "code": "ZAW",
      "position": 103
    }
  },
  {
    "model": "core.unit",
    "pk": 127,
    "fields": {
      "group": 29,
      "code": "DGY",
      "position": 3
    }
  },
  {
    "model": "core.unit",
    "pk": 128,
    "fields": {
      "group": 61,
      "code": "ZGW",
      "position": 117
    }
  },
  {
    "model": "core.unit",
    "pk": 129,
    "fields": {
      "group": 62,
      "code": "DAW",
      "position": 110
    }
  },
  {
    "model": "core.unit",
    "pk": 130,
    "fields": {
      "group": 62,
      "code": "ZAW",
      "position": 111
    }
  },
  {
    "model": "core.unit",
    "pk": 131,
    "fields": {
      "group": 5,
      "code": "DMY",
      "position": 80
    }
  },
  {
    "model": "core.unit",
    "pk": 132,
    "fields": {
      "group": 63,
      "code": "DFY",
      "position": 118
    }
  },
  {
    "model": "core.unit",
    "pk": 133,
    "fields": {
      "group": 64,
      "code": "ZCW",
      "position": 126
    }
  },
  {
    "model": "core.unit",
    "pk": 134,
    "fields": {
      "group": 45,
      "code": "DNW",
      "position": 32
    }
  },
  {
    "model": "core.unit",
    "pk": 135,
    "fields": {
      "group": 14,
      "code": "BCW",
      "position": 23
    }
  },
  {
    "model": "core.unit",
    "pk": 136,
    "fields": {
      "group": 48,
      "code": "BCX",
      "position": 59
    }
  },
  {
    "model": "core.unit",
    "pk": 137,
    "fields": {
      "group": 65,
      "code": "BAY",
      "position": 6
    }
  },
  {
    "model": "core.unit",
    "pk": 138,
    "fields": {
      "group": 66,
      "code": "BCY",
      "position": 8
    }
  },
  {
    "model": "core.unit",
    "pk": 139,
    "fields": {
      "group": 68,
      "code": "DCY",
      "position": 66
    }
  },
  {
    "model": "core.unit",
    "pk": 140,
    "fields": {
      "group": 68,
      "code": "ZCY",
      "position": 67
    }
  },
  {
    "model": "core.unit",
    "pk": 141,
    "fields": {
      "group": 67,
      "code": "DGX",
      "position": 112
    }
  },
  {
    "model": "core.unit",
    "pk": 142,
    "fields": {
      "group": 67,
      "code": "ZGX",
      "position": 113
    }
  },
  {
    "model": "core.unit",
    "pk": 143,
    "fields": {
      "group": 69,
      "code": "DAY",
      "position": 102
    }
  },
  {
    "model": "core.unit",
    "pk": 144,
    "fields": {
      "group": 69,
      "code": "BAY",
      "position": 101
    }
  },
  {
    "model": "core.unit",
    "pk": 145,
    "fields": {
      "group": 17,
      "code": "DCX",
      "position": 108
    }
  },
  {
    "model": "core.unit",
    "pk": 146,
    "fields": {
      "group": 70,
      "code": "BMW",
      "position": 0
    }
  },
  {
    "model": "core.unit",
    "pk": 147,
    "fields": {
      "group": 71,
      "code": "DGX",
      "position": 36
    }
  },
  {
    "model": "core.unit",
    "pk": 148,
    "fields": {
      "group": 72,
      "code": "DAW",
      "position": 74
    }
  },
  {
    "model": "core.unit",
    "pk": 149,
    "fields": {
      "group": 72,
      "code": "ZAW",
      "position": 75
    }
  },
  {
    "model": "core.unit",
    "pk": 150,
    "fields": {
      "group": 1,
      "code": "DGX",
      "position": 86
    }
  },
  {
    "model": "core.unit",
    "pk": 151,
    "fields": {
      "group": 75,
      "code": "ZNY",
      "position": 125
    }
  },
  {
    "model": "core.unit",
    "pk": 152,
    "fields": {
      "group": 74,
      "code": "ZGY",
      "position": 124
    }
  },
  {
    "model": "core.unit",
    "pk": 153,
    "fields": {
      "group": 76,
      "code": "DNX",
      "position": 78
    }
  },
  {
    "model": "core.unit",
    "pk": 154,
    "fields": {
      "group": 77,
      "code": "BKV",
      "position": 128
    }
  },
  {
    "model": "core.unit",
    "pk": 155,
    "fields": {
      "group": 77,
      "code": "DKV",
      "position": 129
    }
  },
  {
    "model": "core.unit",
    "pk": 156,
    "fields": {
      "group": 77,
      "code": "ZKV",
      "position": 130
    }
  },
  {
    "model": "core.unit",
    "pk": 157,
    "fields": {
      "group": 78,
      "code": "BKV",
      "position": 131
    }
  },
  {
    "model": "core.unit",
    "pk": 158,
    "fields": {
      "group": 78,
      "code": "DKV",
      "position": 132
    }
  },
  {
    "model": "core.unit",
    "pk": 159,
    "fields": {
      "group": 78,
      "code": "ZKV",
      "position": 133
    }
  },
  {
    "model": "core.unit",
    "pk": 160,
    "fields": {
      "group": 79,
      "code": "BKV",
      "position": 134
    }
  },
  {
    "model": "core.unit",
    "pk": 161,
    "fields": {
      "group": 79,
      "code": "DKV",
      "position": 135
    }
  },
  {
    "model": "core.unit",
    "pk": 162,
    "fields": {
      "group": 79,
      "code": "ZKV",
      "position": 136
    }
  },
  {
    "model": "core.unit",
    "pk": 163,
    "fields": {
      "group": 80,
      "code": "BKV",
      "position": 137
    }
  },
  {
    "model": "core.unit",
    "pk": 164,
    "fields": {
      "group": 80,
      "code": "DKV",
      "position": 138
    }
  },
  {
    "model": "core.unit",
    "pk": 165,
    "fields": {
      "group": 80,
      "code": "ZKV",
      "position": 139
    }
  },
  {
    "model": "core.unit",
    "pk": 166,
    "fields": {
      "group": 66,
      "code": "BCX",
      "position": 7
    }
  },
  {
    "model": "core.unit",
    "pk": 167,
    "fields": {
      "group": 71,
      "code": "ZGY",
      "position": 37
    }
  },
  {
    "model": "core.unit",
    "pk": 168,
    "fields": {
      "group": 82,
      "code": "ZNW",
      "position": 119
    }
  },
  {
    "model": "core.unit",
    "pk": 169,
    "fields": {
      "group": 50,
      "code": "DNX",
      "position": 77
    }
  },
  {
    "model": "core.userprofile",
    "pk": 1,
    "fields": {
      "user": 1,
      "show_bars": true,
      "show_completed_by_default": true,
      "show_locked_by_default": true,
      "show_artwork_on_curriculum": true,
      "use_twemoji": false,
      "dynamic_progress": false,
      "show_portal_instructions": true,
      "last_seen": "1970-01-01T00:00:00Z",
      "last_notif_dismiss": "1970-01-01T00:00:00Z"
    }
  },
  {
    "model": "core.userprofile",
    "pk": 2,
    "fields": {
      "user": 2,
      "show_bars": true,
      "show_completed_by_default": true,
      "show_locked_by_default": true,
      "show_artwork_on_curriculum": true,
      "use_twemoji": false,
      "dynamic_progress": false,
      "show_portal_instructions": true,
      "last_seen": "1970-01-01T00:00:00Z",
      "last_notif_dismiss": "1970-01-01T00:00:00Z"
    }
  },
  {
    "model": "core.userprofile",
    "pk": 3,
    "fields": {
      "user": 3,
      "show_bars": true,
      "show_completed_by_default": true,
      "show_locked_by_default": true,
      "show_artwork_on_curriculum": true,
      "use_twemoji": false,
      "dynamic_progress": false,
      "show_portal_instructions": true,
      "last_seen": "1970-01-01T00:00:00Z",
      "last_notif_dismiss": "1970-01-01T00:00:00Z"
    }
  },
  {
    "model": "core.userprofile",
    "pk": 4,
    "fields": {
      "user": 4,
      "show_bars": true,
      "show_completed_by_default": true,
      "show_locked_by_default": true,
      "show_artwork_on_curriculum": true,
      "use_twemoji": false,
      "dynamic_progress": false,
      "show_portal_instructions": true,
      "last_seen": "1970-01-01T00:00:00Z",
      "last_notif_dismiss": "1970-01-01T00:00:00Z"
    }
  },
  {
    "model": "core.userprofile",
    "pk": 5,
    "fields": {
      "user": 5,
      "show_bars": true,
      "show_completed_by_default": true,
      "show_locked_by_default": true,
      "show_artwork_on_curriculum": true,
      "use_twemoji": false,
      "dynamic_progress": false,
      "show_portal_instructions": true,
      "last_seen": "1970-01-01T00:00:00Z",
      "last_notif_dismiss": "1970-01-01T00:00:00Z"
    }
  },
  {
    "model": "core.userprofile",
    "pk": 6,
    "fields": {
      "user": 6,
      "show_bars": true,
      "show_completed_by_default": true,
      "show_locked_by_default": true,
      "show_artwork_on_curriculum": true,
      "use_twemoji": false,
      "dynamic_progress": false,
      "show_portal_instructions": true,
      "last_seen": "1970-01-01T00:00:00Z",
      "last_notif_dismiss": "1970-01-01T00:00:00Z"
    }
  },
  {
    "model": "core.userprofile",
    "pk": 7,
    "fields": {
      "user": 7,
      "show_bars": true,
      "show_completed_by_default": true,
      "show_locked_by_default": true,
      "show_artwork_on_curriculum": true,
      "use_twemoji": false,
      "dynamic_progress": false,
      "show_portal_instructions": true,
      "last_seen": "1970-01-01T00:00:00Z",
      "last_notif_dismiss": "1970-01-01T00:00:00Z"
    }
  },
  {
    "model": "core.userprofile",
    "pk": 8,
    "fields": {
      "user": 8,
      "show_bars": true,
      "show_completed_by_default": true,
      "show_locked_by_default": true,
      "show_artwork_on_curriculum": true,
      "use_twemoji": false,
      "dynamic_progress": false,
      "show_portal_instructions": true,
      "last_seen": "1970-01-01T00:00:00Z",
      "last_notif_dismiss": "1970-01-01T00:00:00Z"
    }
  },
  {
    "model": "core.userprofile",
    "pk": 9,
    "fields": {
      "user": 9,
      "show_bars": true,
      "show_completed_by_default": true,
      "show_locked_by_default": true,
      "show_artwork_on_curriculum": true,
      "use_twemoji": false,
      "dynamic_progress": false,
      "show_portal_instructions": true,
      "last_seen": "1970-01-01T00:00:00Z",
      "last_notif_dismiss": "1970-01-01T00:00:00Z"
    }
  },
  {
    "model": "core.userprofile",
    "pk": 10,
    "fields": {
      "user": 10,
      "show_bars": true,
      "show_completed_by_default": true,
      "show_locked_by_default": true,
      "show_artwork_on_curriculum": true,
      "use_twemoji": false,
      "dynamic_progress": false,
      "show_portal_instructions": true,
      "last_seen": "1970-01-01T00:00:00Z",
      "last_notif_dismiss": "1970-01-01T00:00:00Z"
    }
  },
  {
    "model": "core.userprofile",
    "pk": 11,
    "fields": {
      "user": 11,
      "show_bars": true,
      "show_completed_by_default": true,
      "show_locked_by_default": true,
      "show_artwork_on_curriculum": true,
      "use_twemoji": false,
      "dynamic_progress": false,
      "show_portal_instructions": true,
      "last_seen": "1970-01-01T00:00:00Z",
      "last_notif_dismiss": "1970-01-01T00:00:00Z"
    }
  },
  {
    "model": "core.userprofile",
    "pk": 12,
    "fields": {
      "user": 12,
      "show_bars": true,
      "show_completed_by_default": true,
      "show_locked_by_default": true,
      "show_artwork_on_curriculum": true,
      "use_twemoji": false,
      "dynamic_progress": false,
      "show_portal_instructions": true,
      "last_seen": "1970-01-01T00:00:00Z",
      "last_notif_dismiss": "1970-01-01T00:00:00Z"
    }
  },
  {
    "model": "core.userprofile",
    "pk": 13,
    "fields": {
      "user": 13,
      "show_bars": true,
      "show_completed_by_default": true,
      "show_locked_by_default": true,
      "show_artwork_on_curriculum": true,
      "use_twemoji": false,
      "dynamic_progress": false,
      "show_portal_instructions": true,
      "last_seen": "1970-01-01T00:00:00Z",
      "last_notif_dismiss": "1970-01-01T00:00:00Z"
    }
  },
  {
    "model": "core.userprofile",
    "pk": 14,
    "fields": {
      "user": 14,
      "show_bars": true,
      "show_completed_by_default": true,
      "show_locked_by_default": true,
      "show_artwork_on_curriculum": true,
      "use_twemoji": false,
      "dynamic_progress": false,
      "show_portal_instructions": true,
      "last_seen": "1970-01-01T00:00:00Z",
      "last_notif_dismiss": "1970-01-01T00:00:00Z"
    }
  },
  {
    "model": "core.userprofile",
    "pk": 15,
    "fields": {
      "user": 15,
      "show_bars": true,
      "show_completed_by_default": true,
      "show_locked_by_default": true,
      "show_artwork_on_curriculum": true,
      "use_twemoji": false,
      "dynamic_progress": false,
      "show_portal_instructions": true,
      "last_seen": "1970-01-01T00:00:00Z",
      "last_notif_dismiss": "1970-01-01T00:00:00Z"
    }
  },
  {
    "model": "core.userprofile",
    "pk": 16,
    "fields": {
      "user": 16,
      "show_bars": true,
      "show_completed_by_default": true,
      "show_locked_by_default": true,
      "show_artwork_on_curriculum": true,
      "use_twemoji": false,
      "dynamic_progress": false,
      "show_portal_instructions": true,
      "last_seen": "1970-01-01T00:00:00Z",
      "last_notif_dismiss": "1970-01-01T00:00:00Z"
    }
  },
  {
    "model": "core.userprofile",
    "pk": 17,
    "fields": {
      "user": 17,
      "show_bars": true,
      "show_completed_by_default": true,
      "show_locked_by_default": true,
      "show_artwork_on_curriculum": true,
      "use_twemoji": false,
      "dynamic_progress": false,
      "show_portal_instructions": true,
      "last_seen": "1970-01-01T00:00:00Z",
      "last_notif_dismiss": "1970-01-01T00:00:00Z"
    }
  },
  {
    "model": "core.userprofile",
    "pk": 18,
    "fields": {
      "user": 18,
      "show_bars": true,
      "show_completed_by_default": true,
      "show_locked_by_default": true,
      "show_artwork_on_curriculum": true,
      "use_twemoji": false,
      "dynamic_progress": false,
      "show_portal_instructions": true,
      "last_seen": "1970-01-01T00:00:00Z",
      "last_notif_dismiss": "1970-01-01T00:00:00Z"
    }
  },
  {
    "model": "core.userprofile",
    "pk": 19,
    "fields": {
      "user": 19,
      "show_bars": true,
      "show_completed_by_default": true,
      "show_locked_by_default": true,
      "show_artwork_on_curriculum": true,
      "use_twemoji": false,
      "dynamic_progress": false,
      "show_portal_instructions": true,
      "last_seen": "1970-01-01T00:00:00Z",
      "last_notif_dismiss": "1970-01-01T00:00:00Z"
    }
  },
  {
    "model": "core.userprofile",
    "pk": 20,
    "fields": {
      "user": 20,
      "show_bars": true,
      "show_completed_by_default": true,
      "show_locked_by_default": true,
      "show_artwork_on_curriculum": true,
      "use_twemoji": false,
      "dynamic_progress": false,
      "show_portal_instructions": true,
      "last_seen": "1970-01-01T00:00:00Z",
      "last_notif_dismiss": "1970-01-01T00:00:00Z"
    }
  },
  {
    "model": "core.userprofile",
    "pk": 21,
    "fields": {
      "user": 21,
      "show_bars": true,
      "show_completed_by_default": true,
      "show_locked_by_default": true,
      "show_artwork_on_curriculum": true,
      "use_twemoji": false,
      "dynamic_progress": false,
      "show_portal_instructions": true,
      "last_seen": "1970-01-01T00:00:00Z",
      "last_notif_dismiss": "1970-01-01T00:00:00Z"
    }
  },
  {
    "model": "core.userprofile",
    "pk": 22,
    "fields": {
      "user": 22,
      "show_bars": true,
      "show_completed_by_default": true,
      "show_locked_by_default": true,
      "show_artwork_on_curriculum": true,
      "use_twemoji": false,
      "dynamic_progress": false,
      "show_portal_instructions": true,
      "last_seen": "1970-01-01T00:00:00Z",
      "last_notif_dismiss": "1970-01-01T00:00:00Z"
    }
  },
  {
    "model": "core.userprofile",
    "pk": 23,
    "fields": {
      "user": 23,
      "show_bars": true,
      "show_completed_by_default": true,
      "show_locked_by_default": true,
      "show_artwork_on_curriculum": true,
      "use_twemoji": false,
      "dynamic_progress": false,
      "show_portal_instructions": true,
      "last_seen": "1970-01-01T00:00:00Z",
      "last_notif_dismiss": "1970-01-01T00:00:00Z"
    }
  },
  {
    "model": "core.userprofile",
    "pk": 24,
    "fields": {
      "user": 24,
      "show_bars": true,
      "show_completed_by_default": true,
      "show_locked_by_default": true,
      "show_artwork_on_curriculum": true,
      "use_twemoji": false,
      "dynamic_progress": false,
      "show_portal_instructions": true,
      "last_seen": "1970-01-01T00:00:00Z",
      "last_notif_dismiss": "1970-01-01T00:00:00Z"
    }
  },
  {
    "model": "core.userprofile",
    "pk": 25,
    "fields": {
      "user": 25,
      "show_bars": true,
      "show_completed_by_default": true,
      "show_locked_by_default": true,
      "show_artwork_on_curriculum": true,
      "use_twemoji": false,
      "dynamic_progress": false,
      "show_portal_instructions": true,
      "last_seen": "1970-01-01T00:00:00Z",
      "last_notif_dismiss": "1970-01-01T00:00:00Z"
    }
  },
  {
    "model": "dashboard.uploadedfile",
    "pk": 1,
    "fields": {
      "benefactor": 2,
      "owner": 24,
      "category": "psets",
      "description": "",
      "content": "psets/user_ZMGZRbWIuQvEDBtm/2023-08-26-064109/TESTING_pset.txt",
      "unit": 141,
      "created_at": "2023-08-26T06:41:09.774Z"
    }
  },
  {
    "model": "dashboard.uploadedfile",
    "pk": 2,
    "fields": {
      "benefactor": 2,
      "owner": 24,
      "category": "psets",
      "description": "",
      "content": "psets/user_ZMGZRbWIuQvEDBtm/2023-08-26-064109/TESTING_pset_nCokR3o.txt",
      "unit": 15,
      "created_at": "2023-08-26T06:41:09.862Z"
    }
  },
  {
    "model": "dashboard.uploadedfile",
    "pk": 3,
    "fields": {
      "benefactor": 3,
      "owner": 5,
      "category": "psets",
      "description": "",
      "content": "psets/user_zTbkAgruslnAeGc/2023-08-26-064109/TESTING_pset.txt",
      "unit": 23,
      "created_at": "2023-08-26T06:41:09.940Z"
    }
  },
  {
    "model": "dashboard.uploadedfile",
    "pk": 4,
    "fields": {
      "benefactor": 3,
      "owner": 5,
      "category": "psets",
      "description": "",
      "content": "psets/user_zTbkAgruslnAeGc/2023-08-26-064110/TESTING_pset.txt",
      "unit": 140,
      "created_at": "2023-08-26T06:41:10.017Z"
    }
  },
  {
    "model": "dashboard.uploadedfile",
    "pk": 5,
    "fields": {
      "benefactor": 4,
      "owner": 20,
      "category": "psets",
      "description": "",
      "content": "psets/user_uUYmoPknKToELTymJY/2023-08-26-064110/TESTING_pset.txt",
      "unit": 61,
      "created_at": "2023-08-26T06:41:10.095Z"
    }
  },
  {
    "model": "dashboard.uploadedfile",
    "pk": 6,
    "fields": {
      "benefactor": 4,
      "owner": 20,
      "category": "psets",
      "description": "",
      "content": "psets/user_uUYmoPknKToELTymJY/2023-08-26-064110/TESTING_pset_6f26R0L.txt",
      "unit": 25,
      "created_at": "2023-08-26T06:41:10.173Z"
    }
  },
  {
    "model": "dashboard.uploadedfile",
    "pk": 7,
    "fields": {
      "benefactor": 4,
      "owner": 20,
      "category": "psets",
      "description": "",
      "content": "psets/user_uUYmoPknKToELTymJY/2023-08-26-064110/TESTING_pset_1Y1bHbI.txt",
      "unit": 64,
      "created_at": "2023-08-26T06:41:10.251Z"
    }
  },
  {
    "model": "dashboard.uploadedfile",
    "pk": 8,
    "fields": {
      "benefactor": 4,
      "owner": 20,
      "category": "psets",
      "description": "",
      "content": "psets/user_uUYmoPknKToELTymJY/2023-08-26-064110/TESTING_pset_VTh4qf3.txt",
      "unit": 120,
      "created_at": "2023-08-26T06:41:10.330Z"
    }
  },
  {
    "model": "dashboard.uploadedfile",
    "pk": 9,
    "fields": {
      "benefactor": 5,
      "owner": 19,
      "category": "psets",
      "description": "",
      "content": "psets/user_zWdYxItBoBNvOKPUYeslM/2023-08-26-064110/TESTING_pset.txt",
      "unit": 8,
      "created_at": "2023-08-26T06:41:10.409Z"
    }
  },
  {
    "model": "dashboard.uploadedfile",
    "pk": 10,
    "fields": {
      "benefactor": 5,
      "owner": 19,
      "category": "psets",
      "description": "",
      "content": "psets/user_zWdYxItBoBNvOKPUYeslM/2023-08-26-064110/TESTING_pset_mzTxI3P.txt",
      "unit": 16,
      "created_at": "2023-08-26T06:41:10.497Z"
    }
  },
  {
    "model": "dashboard.uploadedfile",
    "pk": 11,
    "fields": {
      "benefactor": 5,
      "owner": 19,
      "category": "psets",
      "description": "",
      "content": "psets/user_zWdYxItBoBNvOKPUYeslM/2023-08-26-064110/TESTING_pset_1ivj31d.txt",
      "unit": 131,
      "created_at": "2023-08-26T06:41:10.560Z"
    }
  },
  {
    "model": "dashboard.uploadedfile",
    "pk": 12,
    "fields": {
      "benefactor": 7,
      "owner": 1,
      "category": "psets",
      "description": "",
      "content": "psets/user_tmKVDHnktruIdejNzIybPeS/2023-08-26-064110/TESTING_pset.txt",
      "unit": 159,
      "created_at": "2023-08-26T06:41:10.628Z"
    }
  },
  {
    "model": "dashboard.uploadedfile",
    "pk": 13,
    "fields": {
      "benefactor": 7,
      "owner": 1,
      "category": "psets",
      "description": "",
      "content": "psets/user_tmKVDHnktruIdejNzIybPeS/2023-08-26-064110/TESTING_pset_j5BUMXe.txt",
      "unit": 168,
      "created_at": "2023-08-26T06:41:10.694Z"
    }
  },
  {
    "model": "dashboard.uploadedfile",
    "pk": 14,
    "fields": {
      "benefactor": 7,
      "owner": 1,
      "category": "psets",
      "description": "",
      "content": "psets/user_tmKVDHnktruIdejNzIybPeS/2023-08-26-064110/TESTING_pset_fRe8N7M.txt",
      "unit": 143,
      "created_at": "2023-08-26T06:41:10.760Z"
    }
  },
  {
    "model": "dashboard.uploadedfile",
    "pk": 15,
    "fields": {
      "benefactor": 7,
      "owner": 1,
      "category": "psets",
      "description": "",
      "content": "psets/user_tmKVDHnktruIdejNzIybPeS/2023-08-26-064110/TESTING_pset_zbWmrgo.txt",
      "unit": 124,
      "created_at": "2023-08-26T06:41:10.830Z"
    }
  },
  {
    "model": "dashboard.uploadedfile",
    "pk": 16,
    "fields": {
      "benefactor": 7,
      "owner": 1,
      "category": "psets",
      "description": "",
      "content": "psets/user_tmKVDHnktruIdejNzIybPeS/2023-08-26-064110/TESTING_pset_wFR2bOv.txt",
      "unit": 4,
      "created_at": "2023-08-26T06:41:10.894Z"
    }
  },
  {
    "model": "dashboard.uploadedfile",
    "pk": 17,
    "fields": {
      "benefactor": 9,
      "owner": 7,
      "category": "psets",
      "description": "",
      "content": "psets/user_XhqAjTDjaPxWgyJfzGzkOsPdE/2023-08-26-064110/TESTING_pset.txt",
      "unit": 158,
      "created_at": "2023-08-26T06:41:10.975Z"
    }
  },
  {
    "model": "dashboard.uploadedfile",
    "pk": 18,
    "fields": {
      "benefactor": 11,
      "owner": 15,
      "category": "psets",
      "description": "",
      "content": "psets/user_NrTGUIFBvtkPwAmavYAZU/2023-08-26-064111/TESTING_pset.txt",
      "unit": 115,
      "created_at": "2023-08-26T06:41:11.039Z"
    }
  },
  {
    "model": "dashboard.uploadedfile",
    "pk": 19,
    "fields": {
      "benefactor": 11,
      "owner": 15,
      "category": "psets",
      "description": "",
      "content": "psets/user_NrTGUIFBvtkPwAmavYAZU/2023-08-26-064111/TESTING_pset_HAVFWo7.txt",
      "unit": 105,
      "created_at": "2023-08-26T06:41:11.103Z"
    }
  },
  {
    "model": "dashboard.uploadedfile",
    "pk": 20,
    "fields": {
      "benefactor": 12,
      "owner": 11,
      "category": "psets",
      "description": "",
      "content": "psets/user_EBnGtTYzyNxAvkzWESHbKN/2023-08-26-064111/TESTING_pset.txt",
      "unit": 84,
      "created_at": "2023-08-26T06:41:11.170Z"
    }
  },
  {
    "model": "dashboard.uploadedfile",
    "pk": 21,
    "fields": {
      "benefactor": 12,
      "owner": 11,
      "category": "psets",
      "description": "",
      "content": "psets/user_EBnGtTYzyNxAvkzWESHbKN/2023-08-26-064111/TESTING_pset_fCWVfpS.txt",
      "unit": 96,
      "created_at": "2023-08-26T06:41:11.252Z"
    }
  },
  {
    "model": "dashboard.uploadedfile",
    "pk": 22,
    "fields": {
      "benefactor": 17,
      "owner": 4,
      "category": "psets",
      "description": "",
      "content": "psets/user_lKwYNGPidbTvCUJM/2023-08-26-064112/TESTING_pset.txt",
      "unit": 121,
      "created_at": "2023-08-26T06:41:12.409Z"
    }
  },
  {
    "model": "dashboard.uploadedfile",
    "pk": 23,
    "fields": {
      "benefactor": 17,
      "owner": 4,
      "category": "psets",
      "description": "",
      "content": "psets/user_lKwYNGPidbTvCUJM/2023-08-26-064112/TESTING_pset_iSsIIST.txt",
      "unit": 166,
      "created_at": "2023-08-26T06:41:12.482Z"
    }
  },
  {
    "model": "dashboard.uploadedfile",
    "pk": 24,
    "fields": {
      "benefactor": 18,
      "owner": 23,
      "category": "psets",
      "description": "",
      "content": "psets/user_oDbKjwtJqsNEcfjagcCxMXWB/2023-08-26-064112/TESTING_pset.txt",
      "unit": 29,
      "created_at": "2023-08-26T06:41:12.561Z"
    }
  },
  {
    "model": "dashboard.uploadedfile",
    "pk": 25,
    "fields": {
      "benefactor": 19,
      "owner": 12,
      "category": "psets",
      "description": "",
      "content": "psets/user_pxdOmRRujqNWCOI/2023-08-26-064112/TESTING_pset.txt",
      "unit": 158,
      "created_at": "2023-08-26T06:41:12.639Z"
    }
  },
  {
    "model": "dashboard.uploadedfile",
    "pk": 26,
    "fields": {
      "benefactor": 21,
      "owner": 10,
      "category": "psets",
      "description": "",
      "content": "psets/user_ZHXaseoPqSLLiIpfkEuwYMyv/2023-08-26-064112/TESTING_pset.txt",
      "unit": 40,
      "created_at": "2023-08-26T06:41:12.719Z"
    }
  },
  {
    "model": "dashboard.uploadedfile",
    "pk": 27,
    "fields": {
      "benefactor": 24,
      "owner": 20,
      "category": "psets",
      "description": "",
      "content": "psets/user_uUYmoPknKToELTymJY/2023-08-26-064112/TESTING_pset.txt",
      "unit": 71,
      "created_at": "2023-08-26T06:41:12.795Z"
    }
  },
  {
    "model": "dashboard.uploadedfile",
    "pk": 28,
    "fields": {
      "benefactor": 24,
      "owner": 20,
      "category": "psets",
      "description": "",
      "content": "psets/user_uUYmoPknKToELTymJY/2023-08-26-064112/TESTING_pset_0CQwMrM.txt",
      "unit": 120,
      "created_at": "2023-08-26T06:41:12.849Z"
    }
  },
  {
    "model": "dashboard.uploadedfile",
    "pk": 29,
    "fields": {
      "benefactor": 24,
      "owner": 20,
      "category": "psets",
      "description": "",
      "content": "psets/user_uUYmoPknKToELTymJY/2023-08-26-064112/TESTING_pset_CmwKRHZ.txt",
      "unit": 107,
      "created_at": "2023-08-26T06:41:12.983Z"
    }
  },
  {
    "model": "dashboard.uploadedfile",
    "pk": 30,
    "fields": {
      "benefactor": 24,
      "owner": 20,
      "category": "psets",
      "description": "",
      "content": "psets/user_uUYmoPknKToELTymJY/2023-08-26-064113/TESTING_pset.txt",
      "unit": 32,
      "created_at": "2023-08-26T06:41:13.038Z"
    }
  },
  {
    "model": "dashboard.uploadedfile",
    "pk": 31,
    "fields": {
      "benefactor": 24,
      "owner": 20,
      "category": "psets",
      "description": "",
      "content": "psets/user_uUYmoPknKToELTymJY/2023-08-26-064113/TESTING_pset_xaEj11s.txt",
      "unit": 114,
      "created_at": "2023-08-26T06:41:13.093Z"
    }
  },
  {
    "model": "dashboard.uploadedfile",
    "pk": 32,
    "fields": {
      "benefactor": 25,
      "owner": 9,
      "category": "psets",
      "description": "",
      "content": "psets/user_jfrBGgZGLFZxukoo/2023-08-26-064113/TESTING_pset.txt",
      "unit": 13,
      "created_at": "2023-08-26T06:41:13.161Z"
    }
  },
  {
    "model": "dashboard.uploadedfile",
    "pk": 33,
    "fields": {
      "benefactor": 25,
      "owner": 9,
      "category": "psets",
      "description": "",
      "content": "psets/user_jfrBGgZGLFZxukoo/2023-08-26-064113/TESTING_pset_bbne1Yz.txt",
      "unit": 6,
      "created_at": "2023-08-26T06:41:13.494Z"
    }
  },
  {
    "model": "dashboard.uploadedfile",
    "pk": 34,
    "fields": {
      "benefactor": 25,
      "owner": 9,
      "category": "psets",
      "description": "",
      "content": "psets/user_jfrBGgZGLFZxukoo/2023-08-26-064113/TESTING_pset_OAbW0ev.txt",
      "unit": 62,
      "created_at": "2023-08-26T06:41:13.560Z"
    }
  },
  {
    "model": "dashboard.uploadedfile",
    "pk": 35,
    "fields": {
      "benefactor": 26,
      "owner": 6,
      "category": "psets",
      "description": "",
      "content": "psets/user_PtLdUSlsYltqItbF/2023-08-26-064113/TESTING_pset.txt",
      "unit": 38,
      "created_at": "2023-08-26T06:41:13.625Z"
    }
  },
  {
    "model": "dashboard.uploadedfile",
    "pk": 36,
    "fields": {
      "benefactor": 27,
      "owner": 13,
      "category": "psets",
      "description": "",
      "content": "psets/user_AEGzeKupzZjaqcrSSaYYcFpR/2023-08-26-064113/TESTING_pset.txt",
      "unit": 124,
      "created_at": "2023-08-26T06:41:13.742Z"
    }
  },
  {
    "model": "dashboard.uploadedfile",
    "pk": 37,
    "fields": {
      "benefactor": 27,
      "owner": 13,
      "category": "psets",
      "description": "",
      "content": "psets/user_AEGzeKupzZjaqcrSSaYYcFpR/2023-08-26-064113/TESTING_pset_ZMwW0qi.txt",
      "unit": 62,
      "created_at": "2023-08-26T06:41:13.852Z"
    }
  },
  {
    "model": "dashboard.uploadedfile",
    "pk": 38,
    "fields": {
      "benefactor": 27,
      "owner": 13,
      "category": "psets",
      "description": "",
      "content": "psets/user_AEGzeKupzZjaqcrSSaYYcFpR/2023-08-26-064113/TESTING_pset_7PwPlrq.txt",
      "unit": 93,
      "created_at": "2023-08-26T06:41:13.941Z"
    }
  },
  {
    "model": "dashboard.uploadedfile",
    "pk": 39,
    "fields": {
      "benefactor": 28,
      "owner": 18,
      "category": "psets",
      "description": "",
      "content": "psets/user_zPDNUNCpGQZLxTkt/2023-08-26-064114/TESTING_pset.txt",
      "unit": 93,
      "created_at": "2023-08-26T06:41:14.020Z"
    }
  },
  {
    "model": "dashboard.uploadedfile",
    "pk": 40,
    "fields": {
      "benefactor": 28,
      "owner": 18,
      "category": "psets",
      "description": "",
      "content": "psets/user_zPDNUNCpGQZLxTkt/2023-08-26-064114/TESTING_pset_MXBJWKu.txt",
      "unit": 153,
      "created_at": "2023-08-26T06:41:14.096Z"
    }
  },
  {
    "model": "dashboard.uploadedfile",
    "pk": 41,
    "fields": {
      "benefactor": 28,
      "owner": 18,
      "category": "psets",
      "description": "",
      "content": "psets/user_zPDNUNCpGQZLxTkt/2023-08-26-064114/TESTING_pset_5TBdksy.txt",
      "unit": 90,
      "created_at": "2023-08-26T06:41:14.186Z"
    }
  },
  {
    "model": "dashboard.uploadedfile",
    "pk": 42,
    "fields": {
      "benefactor": 28,
      "owner": 18,
      "category": "psets",
      "description": "",
      "content": "psets/user_zPDNUNCpGQZLxTkt/2023-08-26-064114/TESTING_pset_X6VhLFd.txt",
      "unit": 134,
      "created_at": "2023-08-26T06:41:14.308Z"
    }
  },
  {
    "model": "dashboard.uploadedfile",
    "pk": 43,
    "fields": {
      "benefactor": 28,
      "owner": 18,
      "category": "psets",
      "description": "",
      "content": "psets/user_zPDNUNCpGQZLxTkt/2023-08-26-064114/TESTING_pset_aMVVwX4.txt",
      "unit": 96,
      "created_at": "2023-08-26T06:41:14.374Z"
    }
  },
  {
    "model": "dashboard.uploadedfile",
    "pk": 44,
    "fields": {
      "benefactor": 28,
      "owner": 18,
      "category": "psets",
      "description": "",
      "content": "psets/user_zPDNUNCpGQZLxTkt/2023-08-26-064114/TESTING_pset_WdmVA4s.txt",
      "unit": 162,
      "created_at": "2023-08-26T06:41:14.441Z"
    }
  },
  {
    "model": "dashboard.uploadedfile",
    "pk": 45,
    "fields": {
      "benefactor": 28,
      "owner": 18,
      "category": "psets",
      "description": "",
      "content": "psets/user_zPDNUNCpGQZLxTkt/2023-08-26-064114/TESTING_pset_EsdaPpm.txt",
      "unit": 40,
      "created_at": "2023-08-26T06:41:14.508Z"
    }
  },
  {
    "model": "dashboard.uploadedfile",
    "pk": 46,
    "fields": {
      "benefactor": 29,
      "owner": 16,
      "category": "psets",
      "description": "",
      "content": "psets/user_fAuQgWeiQufyUyzpFl/2023-08-26-064114/TESTING_pset.txt",
      "unit": 93,
      "created_at": "2023-08-26T06:41:14.576Z"
    }
  },
  {
    "model": "dashboard.uploadedfile",
    "pk": 47,
    "fields": {
      "benefactor": 29,
      "owner": 16,
      "category": "psets",
      "description": "",
      "content": "psets/user_fAuQgWeiQufyUyzpFl/2023-08-26-064114/TESTING_pset_qzld5Ps.txt",
      "unit": 160,
      "created_at": "2023-08-26T06:41:14.641Z"
    }
  },
  {
    "model": "dashboard.uploadedfile",
    "pk": 48,
    "fields": {
      "benefactor": 29,
      "owner": 16,
      "category": "psets",
      "description": "",
      "content": "psets/user_fAuQgWeiQufyUyzpFl/2023-08-26-064114/TESTING_pset_ct3ucjs.txt",
      "unit": 100,
      "created_at": "2023-08-26T06:41:14.730Z"
    }
  },
  {
    "model": "dashboard.uploadedfile",
    "pk": 49,
    "fields": {
      "benefactor": 29,
      "owner": 16,
      "category": "psets",
      "description": "",
      "content": "psets/user_fAuQgWeiQufyUyzpFl/2023-08-26-064114/TESTING_pset_M4xRhRg.txt",
      "unit": 61,
      "created_at": "2023-08-26T06:41:14.808Z"
    }
  },
  {
    "model": "dashboard.uploadedfile",
    "pk": 50,
    "fields": {
      "benefactor": 30,
      "owner": 11,
      "category": "psets",
      "description": "",
      "content": "psets/user_EBnGtTYzyNxAvkzWESHbKN/2023-08-26-064114/TESTING_pset.txt",
      "unit": 107,
      "created_at": "2023-08-26T06:41:14.895Z"
    }
  },
  {
    "model": "dashboard.uploadedfile",
    "pk": 51,
    "fields": {
      "benefactor": 30,
      "owner": 11,
      "category": "psets",
      "description": "",
      "content": "psets/user_EBnGtTYzyNxAvkzWESHbKN/2023-08-26-064114/TESTING_pset_d2Uk9SQ.txt",
      "unit": 115,
      "created_at": "2023-08-26T06:41:14.975Z"
    }
  },
  {
    "model": "dashboard.uploadedfile",
    "pk": 52,
    "fields": {
      "benefactor": 30,
      "owner": 11,
      "category": "psets",
      "description": "",
      "content": "psets/user_EBnGtTYzyNxAvkzWESHbKN/2023-08-26-064115/TESTING_pset.txt",
      "unit": 21,
      "created_at": "2023-08-26T06:41:15.052Z"
    }
  },
  {
    "model": "dashboard.uploadedfile",
    "pk": 53,
    "fields": {
      "benefactor": 30,
      "owner": 11,
      "category": "psets",
      "description": "",
      "content": "psets/user_EBnGtTYzyNxAvkzWESHbKN/2023-08-26-064115/TESTING_pset_fpAfY7Q.txt",
      "unit": 57,
      "created_at": "2023-08-26T06:41:15.141Z"
    }
  },
  {
    "model": "dashboard.uploadedfile",
    "pk": 54,
    "fields": {
      "benefactor": 32,
      "owner": 22,
      "category": "psets",
      "description": "",
      "content": "psets/user_QhPAhkUvTgFTvJYOFZyFNAJ/2023-08-26-064115/TESTING_pset.txt",
      "unit": 87,
      "created_at": "2023-08-26T06:41:15.220Z"
    }
  },
  {
    "model": "dashboard.uploadedfile",
    "pk": 55,
    "fields": {
      "benefactor": 32,
      "owner": 22,
      "category": "psets",
      "description": "",
      "content": "psets/user_QhPAhkUvTgFTvJYOFZyFNAJ/2023-08-26-064115/TESTING_pset_wIYWZD6.txt",
      "unit": 46,
      "created_at": "2023-08-26T06:41:15.308Z"
    }
  },
  {
    "model": "dashboard.uploadedfile",
    "pk": 56,
    "fields": {
      "benefactor": 32,
      "owner": 22,
      "category": "psets",
      "description": "",
      "content": "psets/user_QhPAhkUvTgFTvJYOFZyFNAJ/2023-08-26-064115/TESTING_pset_u5omaGe.txt",
      "unit": 126,
      "created_at": "2023-08-26T06:41:15.396Z"
    }
  },
  {
    "model": "dashboard.semesterdownloadfile",
    "pk": 1,
    "fields": {
      "semester": 1,
      "description": "Announcement Description",
      "content": "global/1/TESTING_announcement_8KBKwx4.txt",
      "created_at": "2023-08-26T06:41:09.038Z"
    }
  },
  {
    "model": "dashboard.semesterdownloadfile",
    "pk": 2,
    "fields": {
      "semester": 2,
      "description": "Announcement Description",
      "content": "global/2/TESTING_announcement_QnGwlG7.txt",
      "created_at": "2023-08-26T06:41:11.907Z"
    }
  },
  {
    "model": "dashboard.pset",
    "pk": 1,
    "fields": {
      "status": "A",
      "student": 2,
      "unit": 141,
      "upload": 1,
      "hours": 28.0,
      "clubs": 77,
      "eligible": true,
      "feedback": "",
      "next_unit_to_unlock": 166,
      "special_notes": "",
      "staff_comments": ""
    }
  },
  {
    "model": "dashboard.pset",
    "pk": 2,
    "fields": {
      "status": "A",
      "student": 2,
      "unit": 15,
      "upload": 2,
      "hours": 46.0,
      "clubs": 87,
      "eligible": true,
      "feedback": "",
      "next_unit_to_unlock": 167,
      "special_notes": "",
      "staff_comments": ""
    }
  },
  {
    "model": "dashboard.pset",
    "pk": 3,
    "fields": {
      "status": "A",
      "student": 3,
      "unit": 23,
      "upload": 3,
      "hours": 23.0,
      "clubs": 191,
      "eligible": true,
      "feedback": "",
      "next_unit_to_unlock": 13,
      "special_notes": "",
      "staff_comments": ""
    }
  },
  {
    "model": "dashboard.pset",
    "pk": 4,
    "fields": {
      "status": "A",
      "student": 3,
      "unit": 140,
      "upload": 4,
      "hours": 15.0,
      "clubs": 135,
      "eligible": true,
      "feedback": "",
      "next_unit_to_unlock": 47,
      "special_notes": "",
      "staff_comments": ""
    }
  },
  {
    "model": "dashboard.pset",
    "pk": 5,
    "fields": {
      "status": "P",
      "student": 4,
      "unit": 61,
      "upload": 5,
      "hours": 19.0,
      "clubs": 80,
      "eligible": true,
      "feedback": "",
      "next_unit_to_unlock": 131,
      "special_notes": "",
      "staff_comments": ""
    }
  },
  {
    "model": "dashboard.pset",
    "pk": 6,
    "fields": {
      "status": "A",
      "student": 4,
      "unit": 25,
      "upload": 6,
      "hours": 9.0,
      "clubs": 78,
      "eligible": true,
      "feedback": "",
      "next_unit_to_unlock": 64,
      "special_notes": "",
      "staff_comments": ""
    }
  },
  {
    "model": "dashboard.pset",
    "pk": 7,
    "fields": {
      "status": "A",
      "student": 4,
      "unit": 64,
      "upload": 7,
      "hours": 15.0,
      "clubs": 72,
      "eligible": true,
      "feedback": "",
      "next_unit_to_unlock": 120,
      "special_notes": "",
      "staff_comments": ""
    }
  },
  {
    "model": "dashboard.pset",
    "pk": 8,
    "fields": {
      "status": "A",
      "student": 4,
      "unit": 120,
      "upload": 8,
      "hours": 19.0,
      "clubs": 70,
      "eligible": true,
      "feedback": "",
      "next_unit_to_unlock": 80,
      "special_notes": "",
      "staff_comments": ""
    }
  },
  {
    "model": "dashboard.pset",
    "pk": 9,
    "fields": {
      "status": "A",
      "student": 5,
      "unit": 8,
      "upload": 9,
      "hours": 31.0,
      "clubs": 75,
      "eligible": true,
      "feedback": "",
      "next_unit_to_unlock": 16,
      "special_notes": "",
      "staff_comments": ""
    }
  },
  {
    "model": "dashboard.pset",
    "pk": 10,
    "fields": {
      "status": "A",
      "student": 5,
      "unit": 16,
      "upload": 10,
      "hours": 19.0,
      "clubs": 186,
      "eligible": true,
      "feedback": "",
      "next_unit_to_unlock": 161,
      "special_notes": "",
      "staff_comments": ""
    }
  },
  {
    "model": "dashboard.pset",
    "pk": 11,
    "fields": {
      "status": "P",
      "student": 5,
      "unit": 131,
      "upload": 11,
      "hours": 16.0,
      "clubs": 189,
      "eligible": true,
      "feedback": "",
      "next_unit_to_unlock": 90,
      "special_notes": "",
      "staff_comments": ""
    }
  },
  {
    "model": "dashboard.pset",
    "pk": 12,
    "fields": {
      "status": "A",
      "student": 7,
      "unit": 159,
      "upload": 12,
      "hours": 9.0,
      "clubs": 92,
      "eligible": true,
      "feedback": "",
      "next_unit_to_unlock": 154,
      "special_notes": "",
      "staff_comments": ""
    }
  },
  {
    "model": "dashboard.pset",
    "pk": 13,
    "fields": {
      "status": "A",
      "student": 7,
      "unit": 168,
      "upload": 13,
      "hours": 37.0,
      "clubs": 198,
      "eligible": true,
      "feedback": "",
      "next_unit_to_unlock": 106,
      "special_notes": "",
      "staff_comments": ""
    }
  },
  {
    "model": "dashboard.pset",
    "pk": 14,
    "fields": {
      "status": "A",
      "student": 7,
      "unit": 143,
      "upload": 14,
      "hours": 7.0,
      "clubs": 200,
      "eligible": true,
      "feedback": "",
      "next_unit_to_unlock": 34,
      "special_notes": "",
      "staff_comments": ""
    }
  },
  {
    "model": "dashboard.pset",
    "pk": 15,
    "fields": {
      "status": "A",
      "student": 7,
      "unit": 124,
      "upload": 15,
      "hours": 26.0,
      "clubs": 60,
      "eligible": true,
      "feedback": "",
      "next_unit_to_unlock": 138,
      "special_notes": "",
      "staff_comments": ""
    }
  },
  {
    "model": "dashboard.pset",
    "pk": 16,
    "fields": {
      "status": "A",
      "student": 7,
      "unit": 4,
      "upload": 16,
      "hours": 8.0,
      "clubs": 53,
      "eligible": true,
      "feedback": "",
      "next_unit_to_unlock": 29,
      "special_notes": "",
      "staff_comments": ""
    }
  },
  {
    "model": "dashboard.pset",
    "pk": 17,
    "fields": {
      "status": "A",
      "student": 9,
      "unit": 158,
      "upload": 17,
      "hours": 13.0,
      "clubs": 94,
      "eligible": true,
      "feedback": "",
      "next_unit_to_unlock": 135,
      "special_notes": "",
      "staff_comments": ""
    }
  },
  {
    "model": "dashboard.pset",
    "pk": 18,
    "fields": {
      "status": "A",
      "student": 11,
      "unit": 115,
      "upload": 18,
      "hours": 5.0,
      "clubs": 115,
      "eligible": true,
      "feedback": "",
      "next_unit_to_unlock": 149,
      "special_notes": "",
      "staff_comments": ""
    }
  },
  {
    "model": "dashboard.pset",
    "pk": 19,
    "fields": {
      "status": "A",
      "student": 11,
      "unit": 105,
      "upload": 19,
      "hours": 7.0,
      "clubs": 93,
      "eligible": true,
      "feedback": "",
      "next_unit_to_unlock": 53,
      "special_notes": "",
      "staff_comments": ""
    }
  },
  {
    "model": "dashboard.pset",
    "pk": 20,
    "fields": {
      "status": "A",
      "student": 12,
      "unit": 84,
      "upload": 20,
      "hours": 20.0,
      "clubs": 102,
      "eligible": true,
      "feedback": "",
      "next_unit_to_unlock": 47,
      "special_notes": "",
      "staff_comments": ""
    }
  },
  {
    "model": "dashboard.pset",
    "pk": 21,
    "fields": {
      "status": "A",
      "student": 12,
      "unit": 96,
      "upload": 21,
      "hours": 11.0,
      "clubs": 105,
      "eligible": true,
      "feedback": "",
      "next_unit_to_unlock": 45,
      "special_notes": "",
      "staff_comments": ""
    }
  },
  {
    "model": "dashboard.pset",
    "pk": 22,
    "fields": {
      "status": "A",
      "student": 17,
      "unit": 121,
      "upload": 22,
      "hours": 3.0,
      "clubs": 83,
      "eligible": true,
      "feedback": "",
      "next_unit_to_unlock": 129,
      "special_notes": "",
      "staff_comments": ""
    }
  },
  {
    "model": "dashboard.pset",
    "pk": 23,
    "fields": {
      "status": "A",
      "student": 17,
      "unit": 166,
      "upload": 23,
      "hours": 16.0,
      "clubs": 109,
      "eligible": true,
      "feedback": "",
      "next_unit_to_unlock": 106,
      "special_notes": "",
      "staff_comments": ""
    }
  },
  {
    "model": "dashboard.pset",
    "pk": 24,
    "fields": {
      "status": "A",
      "student": 18,
      "unit": 29,
      "upload": 24,
      "hours": 9.0,
      "clubs": 134,
      "eligible": true,
      "feedback": "",
      "next_unit_to_unlock": 134,
      "special_notes": "",
      "staff_comments": ""
    }
  },
  {
    "model": "dashboard.pset",
    "pk": 25,
    "fields": {
      "status": "A",
      "student": 19,
      "unit": 158,
      "upload": 25,
      "hours": 11.0,
      "clubs": 98,
      "eligible": true,
      "feedback": "",
      "next_unit_to_unlock": 92,
      "special_notes": "",
      "staff_comments": ""
    }
  },
  {
    "model": "dashboard.pset",
    "pk": 26,
    "fields": {
      "status": "A",
      "student": 21,
      "unit": 40,
      "upload": 26,
      "hours": 41.0,
      "clubs": 73,
      "eligible": true,
      "feedback": "",
      "next_unit_to_unlock": 122,
      "special_notes": "",
      "staff_comments": ""
    }
  },
  {
    "model": "dashboard.pset",
    "pk": 27,
    "fields": {
      "status": "A",
      "student": 24,
      "unit": 71,
      "upload": 27,
      "hours": 52.0,
      "clubs": 167,
      "eligible": true,
      "feedback": "",
      "next_unit_to_unlock": 68,
      "special_notes": "",
      "staff_comments": ""
    }
  },
  {
    "model": "dashboard.pset",
    "pk": 28,
    "fields": {
      "status": "A",
      "student": 24,
      "unit": 120,
      "upload": 28,
      "hours": 36.0,
      "clubs": 96,
      "eligible": true,
      "feedback": "",
      "next_unit_to_unlock": 16,
      "special_notes": "",
      "staff_comments": ""
    }
  },
  {
    "model": "dashboard.pset",
    "pk": 29,
    "fields": {
      "status": "A",
      "student": 24,
      "unit": 107,
      "upload": 29,
      "hours": 49.0,
      "clubs": 183,
      "eligible": true,
      "feedback": "",
      "next_unit_to_unlock": 131,
      "special_notes": "",
      "staff_comments": ""
    }
  },
  {
    "model": "dashboard.pset",
    "pk": 30,
    "fields": {
      "status": "A",
      "student": 24,
      "unit": 32,
      "upload": 30,
      "hours": 38.0,
      "clubs": 106,
      "eligible": true,
      "feedback": "",
      "next_unit_to_unlock": 142,
      "special_notes": "",
      "staff_comments": ""
    }
  },
  {
    "model": "dashboard.pset",
    "pk": 31,
    "fields": {
      "status": "A",
      "student": 24,
      "unit": 114,
      "upload": 31,
      "hours": 30.0,
      "clubs": 116,
      "eligible": true,
      "feedback": "",
      "next_unit_to_unlock": 152,
      "special_notes": "",
      "staff_comments": ""
    }
  },
  {
    "model": "dashboard.pset",
    "pk": 32,
    "fields": {
      "status": "A",
      "student": 25,
      "unit": 13,
      "upload": 32,
      "hours": 19.0,
      "clubs": 74,
      "eligible": true,
      "feedback": "",
      "next_unit_to_unlock": 8,
      "special_notes": "",
      "staff_comments": ""
    }
  },
  {
    "model": "dashboard.pset",
    "pk": 33,
    "fields": {
      "status": "A",
      "student": 25,
      "unit": 6,
      "upload": 33,
      "hours": 33.0,
      "clubs": 96,
      "eligible": true,
      "feedback": "",
      "next_unit_to_unlock": 154,
      "special_notes": "",
      "staff_comments": ""
    }
  },
  {
    "model": "dashboard.pset",
    "pk": 34,
    "fields": {
      "status": "A",
      "student": 25,
      "unit": 62,
      "upload": 34,
      "hours": 24.0,
      "clubs": 50,
      "eligible": true,
      "feedback": "",
      "next_unit_to_unlock": 140,
      "special_notes": "",
      "staff_comments": ""
    }
  },
  {
    "model": "dashboard.pset",
    "pk": 35,
    "fields": {
      "status": "A",
      "student": 26,
      "unit": 38,
      "upload": 35,
      "hours": 22.0,
      "clubs": 75,
      "eligible": true,
      "feedback": "",
      "next_unit_to_unlock": 8,
      "special_notes": "",
      "staff_comments": ""
    }
  },
  {
    "model": "dashboard.pset",
    "pk": 36,
    "fields": {
      "status": "P",
      "student": 27,
      "unit": 124,
      "upload": 36,
      "hours": 36.0,
      "clubs": 105,
      "eligible": true,
      "feedback": "",
      "next_unit_to_unlock": 39,
      "special_notes": "",
      "staff_comments": ""
    }
  },
  {
    "model": "dashboard.pset",
    "pk": 37,
    "fields": {
      "status": "A",
      "student": 27,
      "unit": 62,
      "upload": 37,
      "hours": 20.0,
      "clubs": 74,
      "eligible": true,
      "feedback": "",
      "next_unit_to_unlock": 76,
      "special_notes": "",
      "staff_comments": ""
    }
  },
  {
    "model": "dashboard.pset",
    "pk": 38,
    "fields": {
      "status": "P",
      "student": 27,
      "unit": 93,
      "upload": 38,
      "hours": 19.0,
      "clubs": 194,
      "eligible": true,
      "feedback": "",
      "next_unit_to_unlock": 158,
      "special_notes": "",
      "staff_comments": ""
    }
  },
  {
    "model": "dashboard.pset",
    "pk": 39,
    "fields": {
      "status": "A",
      "student": 28,
      "unit": 93,
      "upload": 39,
      "hours": 44.0,
      "clubs": 41,
      "eligible": true,
      "feedback": "",
      "next_unit_to_unlock": 61,
      "special_notes": "",
      "staff_comments": ""
    }
  },
  {
    "model": "dashboard.pset",
    "pk": 40,
    "fields": {
      "status": "A",
      "student": 28,
      "unit": 153,
      "upload": 40,
      "hours": 16.0,
      "clubs": 123,
      "eligible": true,
      "feedback": "",
      "next_unit_to_unlock": 137,
      "special_notes": "",
      "staff_comments": ""
    }
  },
  {
    "model": "dashboard.pset",
    "pk": 41,
    "fields": {
      "status": "A",
      "student": 28,
      "unit": 90,
      "upload": 41,
      "hours": 19.0,
      "clubs": 189,
      "eligible": true,
      "feedback": "",
      "next_unit_to_unlock": 134,
      "special_notes": "",
      "staff_comments": ""
    }
  },
  {
    "model": "dashboard.pset",
    "pk": 42,
    "fields": {
      "status": "A",
      "student": 28,
      "unit": 134,
      "upload": 42,
      "hours": 18.0,
      "clubs": 173,
      "eligible": true,
      "feedback": "",
      "next_unit_to_unlock": 96,
      "special_notes": "",
      "staff_comments": ""
    }
  },
  {
    "model": "dashboard.pset",
    "pk": 43,
    "fields": {
      "status": "A",
      "student": 28,
      "unit": 96,
      "upload": 43,
      "hours": 15.0,
      "clubs": 194,
      "eligible": true,
      "feedback": "",
      "next_unit_to_unlock": 113,
      "special_notes": "",
      "staff_comments": ""
    }
  },
  {
    "model": "dashboard.pset",
    "pk": 44,
    "fields": {
      "status": "P",
      "student": 28,
      "unit": 162,
      "upload": 44,
      "hours": 22.0,
      "clubs": 76,
      "eligible": true,
      "feedback": "",
      "next_unit_to_unlock": 69,
      "special_notes": "",
      "staff_comments": ""
    }
  },
  {
    "model": "dashboard.pset",
    "pk": 45,
    "fields": {
      "status": "A",
      "student": 28,
      "unit": 40,
      "upload": 45,
      "hours": 7.0,
      "clubs": 46,
      "eligible": true,
      "feedback": "",
      "next_unit_to_unlock": 84,
      "special_notes": "",
      "staff_comments": ""
    }
  },
  {
    "model": "dashboard.pset",
    "pk": 46,
    "fields": {
      "status": "A",
      "student": 29,
      "unit": 93,
      "upload": 46,
      "hours": 18.0,
      "clubs": 97,
      "eligible": true,
      "feedback": "",
      "next_unit_to_unlock": 1,
      "special_notes": "",
      "staff_comments": ""
    }
  },
  {
    "model": "dashboard.pset",
    "pk": 47,
    "fields": {
      "status": "A",
      "student": 29,
      "unit": 160,
      "upload": 47,
      "hours": 15.0,
      "clubs": 146,
      "eligible": true,
      "feedback": "",
      "next_unit_to_unlock": 37,
      "special_notes": "",
      "staff_comments": ""
    }
  },
  {
    "model": "dashboard.pset",
    "pk": 48,
    "fields": {
      "status": "A",
      "student": 29,
      "unit": 100,
      "upload": 48,
      "hours": 50.0,
      "clubs": 42,
      "eligible": true,
      "feedback": "",
      "next_unit_to_unlock": 61,
      "special_notes": "",
      "staff_comments": ""
    }
  },
  {
    "model": "dashboard.pset",
    "pk": 49,
    "fields": {
      "status": "A",
      "student": 29,
      "unit": 61,
      "upload": 49,
      "hours": 36.0,
      "clubs": 145,
      "eligible": true,
      "feedback": "",
      "next_unit_to_unlock": 65,
      "special_notes": "",
      "staff_comments": ""
    }
  },
  {
    "model": "dashboard.pset",
    "pk": 50,
    "fields": {
      "status": "A",
      "student": 30,
      "unit": 107,
      "upload": 50,
      "hours": 34.0,
      "clubs": 85,
      "eligible": true,
      "feedback": "",
      "next_unit_to_unlock": 18,
      "special_notes": "",
      "staff_comments": ""
    }
  },
  {
    "model": "dashboard.pset",
    "pk": 51,
    "fields": {
      "status": "P",
      "student": 30,
      "unit": 115,
      "upload": 51,
      "hours": 41.0,
      "clubs": 120,
      "eligible": true,
      "feedback": "",
      "next_unit_to_unlock": 46,
      "special_notes": "",
      "staff_comments": ""
    }
  },
  {
    "model": "dashboard.pset",
    "pk": 52,
    "fields": {
      "status": "A",
      "student": 30,
      "unit": 21,
      "upload": 52,
      "hours": 13.0,
      "clubs": 36,
      "eligible": true,
      "feedback": "",
      "next_unit_to_unlock": 57,
      "special_notes": "",
      "staff_comments": ""
    }
  },
  {
    "model": "dashboard.pset",
    "pk": 53,
    "fields": {
      "status": "A",
      "student": 30,
      "unit": 57,
      "upload": 53,
      "hours": 27.0,
      "clubs": 175,
      "eligible": true,
      "feedback": "",
      "next_unit_to_unlock": 60,
      "special_notes": "",
      "staff_comments": ""
    }
  },
  {
    "model": "dashboard.pset",
    "pk": 54,
    "fields": {
      "status": "A",
      "student": 32,
      "unit": 87,
      "upload": 54,
      "hours": 3.0,
      "clubs": 52,
      "eligible": true,
      "feedback": "",
      "next_unit_to_unlock": 130,
      "special_notes": "",
      "staff_comments": ""
    }
  },
  {
    "model": "dashboard.pset",
    "pk": 55,
    "fields": {
      "status": "A",
      "student": 32,
      "unit": 46,
      "upload": 55,
      "hours": 43.0,
      "clubs": 110,
      "eligible": true,
      "feedback": "",
      "next_unit_to_unlock": 48,
      "special_notes": "",
      "staff_comments": ""
    }
  },
  {
    "model": "dashboard.pset",
    "pk": 56,
    "fields": {
      "status": "A",
      "student": 32,
      "unit": 126,
      "upload": 56,
      "hours": 1.0,
      "clubs": 163,
      "eligible": true,
      "feedback": "",
      "next_unit_to_unlock": 167,
      "special_notes": "",
      "staff_comments": ""
    }
  },
  {
    "model": "exams.practiceexam",
    "pk": 1,
    "fields": {
      "family": "Waltz",
      "is_test": true,
      "number": 1,
      "answer1": "",
      "answer2": "",
      "answer3": "",
      "answer4": "",
      "answer5": "",
      "url1": "",
      "url2": "",
      "url3": "",
      "url4": "",
      "url5": "",
      "start_date": "2023-08-26",
      "due_date": "2023-10-15"
    }
  },
  {
    "model": "exams.practiceexam",
    "pk": 2,
    "fields": {
      "family": "Waltz",
      "is_test": true,
      "number": 2,
      "answer1": "",
      "answer2": "",
      "answer3": "",
      "answer4": "",
      "answer5": "",
      "url1": "",
      "url2": "",
      "url3": "",
      "url4": "",
      "url5": "",
      "start_date": "2023-08-26",
      "due_date": "2023-12-04"
    }
  },
  {
    "model": "exams.practiceexam",
    "pk": 3,
    "fields": {
      "family": "Waltz",
      "is_test": true,
      "number": 3,
      "answer1": "",
      "answer2": "",
      "answer3": "",
      "answer4": "",
      "answer5": "",
      "url1": "",
      "url2": "",
      "url3": "",
      "url4": "",
      "url5": "",
      "start_date": "2023-08-26",
      "due_date": "2024-01-23"
    }
  },
  {
    "model": "exams.practiceexam",
    "pk": 4,
    "fields": {
      "family": "Waltz",
      "is_test": true,
      "number": 4,
      "answer1": "",
      "answer2": "",
      "answer3": "",
      "answer4": "",
      "answer5": "",
      "url1": "",
      "url2": "",
      "url3": "",
      "url4": "",
      "url5": "",
      "start_date": "2023-08-26",
      "due_date": "2024-03-13"
    }
  },
  {
    "model": "exams.practiceexam",
    "pk": 5,
    "fields": {
      "family": "Waltz",
      "is_test": true,
      "number": 5,
      "answer1": "",
      "answer2": "",
      "answer3": "",
      "answer4": "",
      "answer5": "",
      "url1": "",
      "url2": "",
      "url3": "",
      "url4": "",
      "url5": "",
      "start_date": "2023-08-26",
      "due_date": "2024-05-02"
    }
  },
  {
    "model": "exams.practiceexam",
    "pk": 6,
    "fields": {
      "family": "Waltz",
      "is_test": false,
      "number": 1,
      "answer1": "508",
      "answer2": "469",
      "answer3": "236",
      "answer4": "734",
      "answer5": "636",
      "url1": "http://example.com/1/",
      "url2": "http://example.com/2/",
      "url3": "http://example.com/3/",
      "url4": "http://example.com/4/",
      "url5": "http://example.com/5/",
      "start_date": "2023-08-26",
      "due_date": "2023-10-15"
    }
  },
  {
    "model": "exams.practiceexam",
    "pk": 7,
    "fields": {
      "family": "Waltz",
      "is_test": false,
      "number": 2,
      "answer1": "933",
      "answer2": "997",
      "answer3": "877",
      "answer4": "228",
      "answer5": "24",
      "url1": "http://example.com/1/",
      "url2": "http://example.com/2/",
      "url3": "http://example.com/3/",
      "url4": "http://example.com/4/",
      "url5": "http://example.com/5/",
      "start_date": "2023-08-26",
      "due_date": "2023-12-04"
    }
  },
  {
    "model": "exams.practiceexam",
    "pk": 8,
    "fields": {
      "family": "Waltz",
      "is_test": false,
      "number": 3,
      "answer1": "183",
      "answer2": "322",
      "answer3": "468",
      "answer4": "932",
      "answer5": "286",
      "url1": "http://example.com/1/",
      "url2": "http://example.com/2/",
      "url3": "http://example.com/3/",
      "url4": "http://example.com/4/",
      "url5": "http://example.com/5/",
      "start_date": "2023-08-26",
      "due_date": "2024-01-23"
    }
  },
  {
    "model": "exams.practiceexam",
    "pk": 9,
    "fields": {
      "family": "Waltz",
      "is_test": false,
      "number": 4,
      "answer1": "141",
      "answer2": "746",
      "answer3": "369",
      "answer4": "310",
      "answer5": "142",
      "url1": "http://example.com/1/",
      "url2": "http://example.com/2/",
      "url3": "http://example.com/3/",
      "url4": "http://example.com/4/",
      "url5": "http://example.com/5/",
      "start_date": "2023-08-26",
      "due_date": "2024-03-13"
    }
  },
  {
    "model": "exams.practiceexam",
    "pk": 10,
    "fields": {
      "family": "Waltz",
      "is_test": false,
      "number": 5,
      "answer1": "19",
      "answer2": "937",
      "answer3": "381",
      "answer4": "378",
      "answer5": "842",
      "url1": "http://example.com/1/",
      "url2": "http://example.com/2/",
      "url3": "http://example.com/3/",
      "url4": "http://example.com/4/",
      "url5": "http://example.com/5/",
      "start_date": "2023-08-26",
      "due_date": "2024-05-02"
    }
  },
  {
    "model": "exams.practiceexam",
    "pk": 11,
    "fields": {
      "family": "Foxtrot",
      "is_test": true,
      "number": 1,
      "answer1": "",
      "answer2": "",
      "answer3": "",
      "answer4": "",
      "answer5": "",
      "url1": "",
      "url2": "",
      "url3": "",
      "url4": "",
      "url5": "",
      "start_date": "2022-08-26",
      "due_date": "2022-10-15"
    }
  },
  {
    "model": "exams.practiceexam",
    "pk": 12,
    "fields": {
      "family": "Foxtrot",
      "is_test": true,
      "number": 2,
      "answer1": "",
      "answer2": "",
      "answer3": "",
      "answer4": "",
      "answer5": "",
      "url1": "",
      "url2": "",
      "url3": "",
      "url4": "",
      "url5": "",
      "start_date": "2022-08-26",
      "due_date": "2022-12-04"
    }
  },
  {
    "model": "exams.practiceexam",
    "pk": 13,
    "fields": {
      "family": "Foxtrot",
      "is_test": true,
      "number": 3,
      "answer1": "",
      "answer2": "",
      "answer3": "",
      "answer4": "",
      "answer5": "",
      "url1": "",
      "url2": "",
      "url3": "",
      "url4": "",
      "url5": "",
      "start_date": "2022-08-26",
      "due_date": "2023-01-23"
    }
  },
  {
    "model": "exams.practiceexam",
    "pk": 14,
    "fields": {
      "family": "Foxtrot",
      "is_test": true,
      "number": 4,
      "answer1": "",
      "answer2": "",
      "answer3": "",
      "answer4": "",
      "answer5": "",
      "url1": "",
      "url2": "",
      "url3": "",
      "url4": "",
      "url5": "",
      "start_date": "2022-08-26",
      "due_date": "2023-03-14"
    }
  },
  {
    "model": "exams.practiceexam",
    "pk": 15,
    "fields": {
      "family": "Foxtrot",
      "is_test": true,
      "number": 5,
      "answer1": "",
      "answer2": "",
      "answer3": "",
      "answer4": "",
      "answer5": "",
      "url1": "",
      "url2": "",
      "url3": "",
      "url4": "",
      "url5": "",
      "start_date": "2022-08-26",
      "due_date": "2023-05-03"
    }
  },
  {
    "model": "exams.practiceexam",
    "pk": 16,
    "fields": {
      "family": "Foxtrot",
      "is_test": false,
      "number": 1,
      "answer1": "336",
      "answer2": "205",
      "answer3": "468",
      "answer4": "714",
      "answer5": "985",
      "url1": "http://example.com/1/",
      "url2": "http://example.com/2/",
      "url3": "http://example.com/3/",
      "url4": "http://example.com/4/",
      "url5": "http://example.com/5/",
      "start_date": "2022-08-26",
      "due_date": "2022-10-15"
    }
  },
  {
    "model": "exams.practiceexam",
    "pk": 17,
    "fields": {
      "family": "Foxtrot",
      "is_test": false,
      "number": 2,
      "answer1": "966",
      "answer2": "935",
      "answer3": "418",
      "answer4": "434",
      "answer5": "504",
      "url1": "http://example.com/1/",
      "url2": "http://example.com/2/",
      "url3": "http://example.com/3/",
      "url4": "http://example.com/4/",
      "url5": "http://example.com/5/",
      "start_date": "2022-08-26",
      "due_date": "2022-12-04"
    }
  },
  {
    "model": "exams.practiceexam",
    "pk": 18,
    "fields": {
      "family": "Foxtrot",
      "is_test": false,
      "number": 3,
      "answer1": "886",
      "answer2": "51",
      "answer3": "941",
      "answer4": "332",
      "answer5": "306",
      "url1": "http://example.com/1/",
      "url2": "http://example.com/2/",
      "url3": "http://example.com/3/",
      "url4": "http://example.com/4/",
      "url5": "http://example.com/5/",
      "start_date": "2022-08-26",
      "due_date": "2023-01-23"
    }
  },
  {
    "model": "exams.practiceexam",
    "pk": 19,
    "fields": {
      "family": "Foxtrot",
      "is_test": false,
      "number": 4,
      "answer1": "391",
      "answer2": "662",
      "answer3": "355",
      "answer4": "861",
      "answer5": "512",
      "url1": "http://example.com/1/",
      "url2": "http://example.com/2/",
      "url3": "http://example.com/3/",
      "url4": "http://example.com/4/",
      "url5": "http://example.com/5/",
      "start_date": "2022-08-26",
      "due_date": "2023-03-14"
    }
  },
  {
    "model": "exams.practiceexam",
    "pk": 20,
    "fields": {
      "family": "Foxtrot",
      "is_test": false,
      "number": 5,
      "answer1": "108",
      "answer2": "41",
      "answer3": "371",
      "answer4": "465",
      "answer5": "978",
      "url1": "http://example.com/1/",
      "url2": "http://example.com/2/",
      "url3": "http://example.com/3/",
      "url4": "http://example.com/4/",
      "url5": "http://example.com/5/",
      "start_date": "2022-08-26",
      "due_date": "2023-05-03"
    }
  },
  {
    "model": "exams.examattempt",
    "pk": 1,
    "fields": {
      "quiz": 16,
      "score": 4,
      "student": 1,
      "guess1": "336",
      "guess2": "205",
      "guess3": "468",
      "guess4": "714",
      "guess5": "985",
      "submit_time": "2023-08-26T06:41:11.559Z"
    }
  },
  {
    "model": "exams.examattempt",
    "pk": 2,
    "fields": {
      "quiz": 19,
      "score": 1,
      "student": 1,
      "guess1": "391",
      "guess2": "662",
      "guess3": "355",
      "guess4": "861",
      "guess5": "512",
      "submit_time": "2023-08-26T06:41:11.559Z"
    }
  },
  {
    "model": "exams.examattempt",
    "pk": 3,
    "fields": {
      "quiz": 20,
      "score": 2,
      "student": 1,
      "guess1": "108",
      "guess2": "41",
      "guess3": "371",
      "guess4": "465",
      "guess5": "978",
      "submit_time": "2023-08-26T06:41:11.559Z"
    }
  },
  {
    "model": "exams.examattempt",
    "pk": 4,
    "fields": {
      "quiz": 18,
      "score": 0,
      "student": 2,
      "guess1": "886",
      "guess2": "51",
      "guess3": "941",
      "guess4": "332",
      "guess5": "306",
      "submit_time": "2023-08-26T06:41:11.559Z"
    }
  },
  {
    "model": "exams.examattempt",
    "pk": 5,
    "fields": {
      "quiz": 20,
      "score": 4,
      "student": 2,
      "guess1": "108",
      "guess2": "41",
      "guess3": "371",
      "guess4": "465",
      "guess5": "978",
      "submit_time": "2023-08-26T06:41:11.559Z"
    }
  },
  {
    "model": "exams.examattempt",
    "pk": 6,
    "fields": {
      "quiz": 16,
      "score": 0,
      "student": 5,
      "guess1": "336",
      "guess2": "205",
      "guess3": "468",
      "guess4": "714",
      "guess5": "985",
      "submit_time": "2023-08-26T06:41:11.559Z"
    }
  },
  {
    "model": "exams.examattempt",
    "pk": 7,
    "fields": {
      "quiz": 19,
      "score": 1,
      "student": 5,
      "guess1": "391",
      "guess2": "662",
      "guess3": "355",
      "guess4": "861",
      "guess5": "512",
      "submit_time": "2023-08-26T06:41:11.559Z"
    }
  },
  {
    "model": "exams.examattempt",
    "pk": 8,
    "fields": {
      "quiz": 16,
      "score": 4,
      "student": 6,
      "guess1": "336",
      "guess2": "205",
      "guess3": "468",
      "guess4": "714",
      "guess5": "985",
      "submit_time": "2023-08-26T06:41:11.559Z"
    }
  },
  {
    "model": "exams.examattempt",
    "pk": 9,
    "fields": {
      "quiz": 18,
      "score": 2,
      "student": 6,
      "guess1": "886",
      "guess2": "51",
      "guess3": "941",
      "guess4": "332",
      "guess5": "306",
      "submit_time": "2023-08-26T06:41:11.559Z"
    }
  },
  {
    "model": "exams.examattempt",
    "pk": 10,
    "fields": {
      "quiz": 16,
      "score": 4,
      "student": 7,
      "guess1": "336",
      "guess2": "205",
      "guess3": "468",
      "guess4": "714",
      "guess5": "985",
      "submit_time": "2023-08-26T06:41:11.559Z"
    }
  },
  {
    "model": "exams.examattempt",
    "pk": 11,
    "fields": {
      "quiz": 17,
      "score": 3,
      "student": 7,
      "guess1": "966",
      "guess2": "935",
      "guess3": "418",
      "guess4": "434",
      "guess5": "504",
      "submit_time": "2023-08-26T06:41:11.559Z"
    }
  },
  {
    "model": "exams.examattempt",
    "pk": 12,
    "fields": {
      "quiz": 20,
      "score": 2,
      "student": 7,
      "guess1": "108",
      "guess2": "41",
      "guess3": "371",
      "guess4": "465",
      "guess5": "978",
      "submit_time": "2023-08-26T06:41:11.559Z"
    }
  },
  {
    "model": "exams.examattempt",
    "pk": 13,
    "fields": {
      "quiz": 16,
      "score": 4,
      "student": 11,
      "guess1": "336",
      "guess2": "205",
      "guess3": "468",
      "guess4": "714",
      "guess5": "985",
      "submit_time": "2023-08-26T06:41:11.559Z"
    }
  },
  {
    "model": "exams.examattempt",
    "pk": 14,
    "fields": {
      "quiz": 19,
      "score": 1,
      "student": 11,
      "guess1": "391",
      "guess2": "662",
      "guess3": "355",
      "guess4": "861",
      "guess5": "512",
      "submit_time": "2023-08-26T06:41:11.559Z"
    }
  },
  {
    "model": "exams.examattempt",
    "pk": 15,
    "fields": {
      "quiz": 20,
      "score": 2,
      "student": 13,
      "guess1": "108",
      "guess2": "41",
      "guess3": "371",
      "guess4": "465",
      "guess5": "978",
      "submit_time": "2023-08-26T06:41:11.559Z"
    }
  },
  {
    "model": "exams.examattempt",
    "pk": 16,
    "fields": {
      "quiz": 17,
      "score": 2,
      "student": 15,
      "guess1": "966",
      "guess2": "935",
      "guess3": "418",
      "guess4": "434",
      "guess5": "504",
      "submit_time": "2023-08-26T06:41:11.559Z"
    }
  },
  {
    "model": "exams.examattempt",
    "pk": 17,
    "fields": {
      "quiz": 19,
      "score": 1,
      "student": 15,
      "guess1": "391",
      "guess2": "662",
      "guess3": "355",
      "guess4": "861",
      "guess5": "512",
      "submit_time": "2023-08-26T06:41:11.559Z"
    }
  },
  {
    "model": "exams.examattempt",
    "pk": 18,
    "fields": {
      "quiz": 20,
      "score": 3,
      "student": 15,
      "guess1": "108",
      "guess2": "41",
      "guess3": "371",
      "guess4": "465",
      "guess5": "978",
      "submit_time": "2023-08-26T06:41:11.559Z"
    }
  },
  {
    "model": "exams.examattempt",
    "pk": 19,
    "fields": {
      "quiz": 9,
      "score": 0,
      "student": 17,
      "guess1": "141",
      "guess2": "746",
      "guess3": "369",
      "guess4": "310",
      "guess5": "142",
      "submit_time": "2023-08-26T06:41:15.757Z"
    }
  },
  {
    "model": "exams.examattempt",
    "pk": 20,
    "fields": {
      "quiz": 9,
      "score": 0,
      "student": 18,
      "guess1": "141",
      "guess2": "746",
      "guess3": "369",
      "guess4": "310",
      "guess5": "142",
      "submit_time": "2023-08-26T06:41:15.757Z"
    }
  },
  {
    "model": "exams.examattempt",
    "pk": 21,
    "fields": {
      "quiz": 10,
      "score": 3,
      "student": 18,
      "guess1": "19",
      "guess2": "937",
      "guess3": "381",
      "guess4": "378",
      "guess5": "842",
      "submit_time": "2023-08-26T06:41:15.757Z"
    }
  },
  {
    "model": "exams.examattempt",
    "pk": 22,
    "fields": {
      "quiz": 9,
      "score": 0,
      "student": 20,
      "guess1": "141",
      "guess2": "746",
      "guess3": "369",
      "guess4": "310",
      "guess5": "142",
      "submit_time": "2023-08-26T06:41:15.757Z"
    }
  },
  {
    "model": "exams.examattempt",
    "pk": 23,
    "fields": {
      "quiz": 10,
      "score": 3,
      "student": 21,
      "guess1": "19",
      "guess2": "937",
      "guess3": "381",
      "guess4": "378",
      "guess5": "842",
      "submit_time": "2023-08-26T06:41:15.757Z"
    }
  },
  {
    "model": "exams.examattempt",
    "pk": 24,
    "fields": {
      "quiz": 6,
      "score": 0,
      "student": 22,
      "guess1": "508",
      "guess2": "469",
      "guess3": "236",
      "guess4": "734",
      "guess5": "636",
      "submit_time": "2023-08-26T06:41:15.757Z"
    }
  },
  {
    "model": "exams.examattempt",
    "pk": 25,
    "fields": {
      "quiz": 7,
      "score": 3,
      "student": 22,
      "guess1": "933",
      "guess2": "997",
      "guess3": "877",
      "guess4": "228",
      "guess5": "24",
      "submit_time": "2023-08-26T06:41:15.757Z"
    }
  },
  {
    "model": "exams.examattempt",
    "pk": 26,
    "fields": {
      "quiz": 6,
      "score": 1,
      "student": 24,
      "guess1": "508",
      "guess2": "469",
      "guess3": "236",
      "guess4": "734",
      "guess5": "636",
      "submit_time": "2023-08-26T06:41:15.758Z"
    }
  },
  {
    "model": "exams.examattempt",
    "pk": 27,
    "fields": {
      "quiz": 7,
      "score": 1,
      "student": 24,
      "guess1": "933",
      "guess2": "997",
      "guess3": "877",
      "guess4": "228",
      "guess5": "24",
      "submit_time": "2023-08-26T06:41:15.758Z"
    }
  },
  {
    "model": "exams.examattempt",
    "pk": 28,
    "fields": {
      "quiz": 8,
      "score": 4,
      "student": 24,
      "guess1": "183",
      "guess2": "322",
      "guess3": "468",
      "guess4": "932",
      "guess5": "286",
      "submit_time": "2023-08-26T06:41:15.758Z"
    }
  },
  {
    "model": "exams.examattempt",
    "pk": 29,
    "fields": {
      "quiz": 9,
      "score": 4,
      "student": 25,
      "guess1": "141",
      "guess2": "746",
      "guess3": "369",
      "guess4": "310",
      "guess5": "142",
      "submit_time": "2023-08-26T06:41:15.758Z"
    }
  },
  {
    "model": "exams.examattempt",
    "pk": 30,
    "fields": {
      "quiz": 6,
      "score": 1,
      "student": 28,
      "guess1": "508",
      "guess2": "469",
      "guess3": "236",
      "guess4": "734",
      "guess5": "636",
      "submit_time": "2023-08-26T06:41:15.758Z"
    }
  },
  {
    "model": "exams.examattempt",
    "pk": 31,
    "fields": {
      "quiz": 6,
      "score": 3,
      "student": 29,
      "guess1": "508",
      "guess2": "469",
      "guess3": "236",
      "guess4": "734",
      "guess5": "636",
      "submit_time": "2023-08-26T06:41:15.758Z"
    }
  },
  {
    "model": "exams.examattempt",
    "pk": 32,
    "fields": {
      "quiz": 8,
      "score": 2,
      "student": 29,
      "guess1": "183",
      "guess2": "322",
      "guess3": "468",
      "guess4": "932",
      "guess5": "286",
      "submit_time": "2023-08-26T06:41:15.758Z"
    }
  },
  {
    "model": "exams.examattempt",
    "pk": 33,
    "fields": {
      "quiz": 8,
      "score": 3,
      "student": 30,
      "guess1": "183",
      "guess2": "322",
      "guess3": "468",
      "guess4": "932",
      "guess5": "286",
      "submit_time": "2023-08-26T06:41:15.758Z"
    }
  },
  {
    "model": "exams.examattempt",
    "pk": 34,
    "fields": {
      "quiz": 10,
      "score": 3,
      "student": 30,
      "guess1": "19",
      "guess2": "937",
      "guess3": "381",
      "guess4": "378",
      "guess5": "842",
      "submit_time": "2023-08-26T06:41:15.758Z"
    }
  },
  {
    "model": "exams.examattempt",
    "pk": 35,
    "fields": {
      "quiz": 7,
      "score": 5,
      "student": 32,
      "guess1": "933",
      "guess2": "997",
      "guess3": "877",
      "guess4": "228",
      "guess5": "24",
      "submit_time": "2023-08-26T06:41:15.758Z"
    }
  },
  {
    "model": "exams.examattempt",
    "pk": 36,
    "fields": {
      "quiz": 10,
      "score": 2,
      "student": 32,
      "guess1": "19",
      "guess2": "937",
      "guess3": "381",
      "guess4": "378",
      "guess5": "842",
      "submit_time": "2023-08-26T06:41:15.758Z"
    }
  },
  {
    "model": "hanabi.hanabicontest",
    "pk": 1,
    "fields": {
      "variant_id": 0,
      "variant_name": "No Variant (5 Suits)",
      "num_players": 3,
      "num_suits": 5,
      "start_date": "2023-08-07T05:29:21Z",
      "end_date": "2023-09-24T13:33:29Z",
      "processed": false
    }
  },
  {
    "model": "markets.market",
    "pk": 1,
    "fields": {
      "start_date": "2023-08-13T14:49:02Z",
      "end_date": "2023-09-21T09:11:50Z",
      "semester": 1,
      "slug": "tv-admit-bar-low",
      "title": "deliver rich e-business",
      "prompt": "Edge example none art suggest. Bank place miss former nation room affect. Into break by morning crime although oil. Personal require safe prevent.",
      "prompt_rendered": "<p>Edge example none art suggest. Bank place miss former nation room affect. Into break by morning crime although oil. Personal require safe prevent.</p>",
      "solution": "",
      "solution_rendered": "",
      "answer": null,
      "weight": 4.0,
      "alpha": 2.0,
      "show_answer": true
    }
  },
  {
    "model": "markets.market",
    "pk": 2,
    "fields": {
      "start_date": "2023-08-18T23:07:22Z",
      "end_date": "2023-09-10T23:59:49Z",
      "semester": 1,
      "slug": "method-wide-bed-we",
      "title": "maximize global channels",
      "prompt": "Strategy whose easy return type seven force. Improve organization think with. Quite indeed attention arm turn.",
      "prompt_rendered": "<p>Strategy whose easy return type seven force. Improve organization think with. Quite indeed attention arm turn.</p>",
      "solution": "",
      "solution_rendered": "",
      "answer": null,
      "weight": 4.0,
      "alpha": 2.0,
      "show_answer": true
    }
  },
  {
    "model": "markets.market",
    "pk": 3,
    "fields": {
      "start_date": "2023-08-17T02:43:35Z",
      "end_date": "2023-08-28T03:13:55Z",
      "semester": 1,
      "slug": "question-create-sit",
      "title": "redefine magnetic interfaces",
      "prompt": "Site race whom thus role. Indicate together now rate own summer maintain.",
      "prompt_rendered": "<p>Site race whom thus role. Indicate together now rate own summer maintain.</p>",
      "solution": "",
      "solution_rendered": "",
      "answer": null,
      "weight": 4.0,
      "alpha": 2.0,
      "show_answer": true
    }
  },
  {
    "model": "markets.market",
    "pk": 4,
    "fields": {
      "start_date": "2023-08-03T00:39:26Z",
      "end_date": "2023-08-26T13:02:53Z",
      "semester": 2,
      "slug": "bill-interesting",
      "title": "exploit enterprise experiences",
      "prompt": "By knowledge usually price rest response drug. Take over defense also inside.",
      "prompt_rendered": "<p>By knowledge usually price rest response drug. Take over defense also inside.</p>",
      "solution": "",
      "solution_rendered": "",
      "answer": null,
      "weight": 4.0,
      "alpha": 2.0,
      "show_answer": true
    }
  },
  {
    "model": "markets.market",
    "pk": 5,
    "fields": {
      "start_date": "2023-08-01T20:00:52Z",
      "end_date": "2023-09-09T16:03:30Z",
      "semester": 2,
      "slug": "appear-all-skill",
      "title": "synthesize value-added functionalities",
      "prompt": "Tree business paper. Economic significant night civil total black travel together. Move politics lay say into four. For within eye.",
      "prompt_rendered": "<p>Tree business paper. Economic significant night civil total black travel together. Move politics lay say into four. For within eye.</p>",
      "solution": "",
      "solution_rendered": "",
      "answer": null,
      "weight": 4.0,
      "alpha": 2.0,
      "show_answer": true
    }
  },
  {
    "model": "markets.market",
    "pk": 6,
    "fields": {
      "start_date": "2023-08-14T11:15:49Z",
      "end_date": "2023-09-15T20:23:23Z",
      "semester": 2,
      "slug": "sort-color-focus",
      "title": "incubate strategic ROI",
      "prompt": "Media figure mind city city. Interview they sort. Foot listen probably type dream dinner.",
      "prompt_rendered": "<p>Media figure mind city city. Interview they sort. Foot listen probably type dream dinner.</p>",
      "solution": "",
      "solution_rendered": "",
      "answer": null,
      "weight": 4.0,
      "alpha": 2.0,
      "show_answer": true
    }
  },
  {
    "model": "markets.guess",
    "pk": 1,
    "fields": {
      "created_at": "2023-08-26T06:41:11.704Z",
      "user": 5,
      "market": 1,
      "value": 3898.12,
      "score": null,
      "public": false
    }
  },
  {
    "model": "markets.guess",
    "pk": 2,
    "fields": {
      "created_at": "2023-08-26T06:41:11.704Z",
      "user": 5,
      "market": 3,
      "value": 8872.57,
      "score": null,
      "public": false
    }
  },
  {
    "model": "markets.guess",
    "pk": 3,
    "fields": {
      "created_at": "2023-08-26T06:41:11.704Z",
      "user": 19,
      "market": 2,
      "value": 5747.47,
      "score": null,
      "public": false
    }
  },
  {
    "model": "markets.guess",
    "pk": 4,
    "fields": {
      "created_at": "2023-08-26T06:41:11.704Z",
      "user": 19,
      "market": 3,
      "value": 667.32,
      "score": null,
      "public": false
    }
  },
  {
    "model": "markets.guess",
    "pk": 5,
    "fields": {
      "created_at": "2023-08-26T06:41:11.704Z",
      "user": 10,
      "market": 1,
      "value": 7028.85,
      "score": null,
      "public": false
    }
  },
  {
    "model": "markets.guess",
    "pk": 6,
    "fields": {
      "created_at": "2023-08-26T06:41:11.704Z",
      "user": 10,
      "market": 2,
      "value": 2085.41,
      "score": null,
      "public": false
    }
  },
  {
    "model": "markets.guess",
    "pk": 7,
    "fields": {
      "created_at": "2023-08-26T06:41:11.704Z",
      "user": 10,
      "market": 3,
      "value": 8571.7,
      "score": null,
      "public": false
    }
  },
  {
    "model": "markets.guess",
    "pk": 8,
    "fields": {
      "created_at": "2023-08-26T06:41:11.704Z",
      "user": 1,
      "market": 1,
      "value": 1830.37,
      "score": null,
      "public": false
    }
  },
  {
    "model": "markets.guess",
    "pk": 9,
    "fields": {
      "created_at": "2023-08-26T06:41:11.704Z",
      "user": 1,
      "market": 2,
      "value": 7918.97,
      "score": null,
      "public": false
    }
  },
  {
    "model": "markets.guess",
    "pk": 10,
    "fields": {
      "created_at": "2023-08-26T06:41:11.704Z",
      "user": 21,
      "market": 1,
      "value": 2904.45,
      "score": null,
      "public": false
    }
  },
  {
    "model": "markets.guess",
    "pk": 11,
    "fields": {
      "created_at": "2023-08-26T06:41:11.704Z",
      "user": 21,
      "market": 2,
      "value": 2084.83,
      "score": null,
      "public": false
    }
  },
  {
    "model": "markets.guess",
    "pk": 12,
    "fields": {
      "created_at": "2023-08-26T06:41:11.704Z",
      "user": 21,
      "market": 3,
      "value": 7645.12,
      "score": null,
      "public": false
    }
  },
  {
    "model": "markets.guess",
    "pk": 13,
    "fields": {
      "created_at": "2023-08-26T06:41:11.704Z",
      "user": 7,
      "market": 2,
      "value": 6334.3,
      "score": null,
      "public": false
    }
  },
  {
    "model": "markets.guess",
    "pk": 14,
    "fields": {
      "created_at": "2023-08-26T06:41:11.704Z",
      "user": 7,
      "market": 3,
      "value": 5847.8,
      "score": null,
      "public": false
    }
  },
  {
    "model": "markets.guess",
    "pk": 15,
    "fields": {
      "created_at": "2023-08-26T06:41:11.704Z",
      "user": 18,
      "market": 1,
      "value": 6985.34,
      "score": null,
      "public": false
    }
  },
  {
    "model": "markets.guess",
    "pk": 16,
    "fields": {
      "created_at": "2023-08-26T06:41:11.704Z",
      "user": 18,
      "market": 2,
      "value": 3064.62,
      "score": null,
      "public": false
    }
  },
  {
    "model": "markets.guess",
    "pk": 17,
    "fields": {
      "created_at": "2023-08-26T06:41:11.704Z",
      "user": 18,
      "market": 3,
      "value": 2680.85,
      "score": null,
      "public": false
    }
  },
  {
    "model": "markets.guess",
    "pk": 18,
    "fields": {
      "created_at": "2023-08-26T06:41:11.704Z",
      "user": 15,
      "market": 1,
      "value": 3798.05,
      "score": null,
      "public": false
    }
  },
  {
    "model": "markets.guess",
    "pk": 19,
    "fields": {
      "created_at": "2023-08-26T06:41:11.704Z",
      "user": 15,
      "market": 2,
      "value": 1774.36,
      "score": null,
      "public": false
    }
  },
  {
    "model": "markets.guess",
    "pk": 20,
    "fields": {
      "created_at": "2023-08-26T06:41:11.704Z",
      "user": 15,
      "market": 3,
      "value": 822.9,
      "score": null,
      "public": false
    }
  },
  {
    "model": "markets.guess",
    "pk": 21,
    "fields": {
      "created_at": "2023-08-26T06:41:11.704Z",
      "user": 14,
      "market": 1,
      "value": 6164.42,
      "score": null,
      "public": false
    }
  },
  {
    "model": "markets.guess",
    "pk": 22,
    "fields": {
      "created_at": "2023-08-26T06:41:11.704Z",
      "user": 14,
      "market": 2,
      "value": 1837.96,
      "score": null,
      "public": false
    }
  },
  {
    "model": "markets.guess",
    "pk": 23,
    "fields": {
      "created_at": "2023-08-26T06:41:11.704Z",
      "user": 14,
      "market": 3,
      "value": 5699.86,
      "score": null,
      "public": false
    }
  },
  {
    "model": "markets.guess",
    "pk": 24,
    "fields": {
      "created_at": "2023-08-26T06:41:11.704Z",
      "user": 17,
      "market": 3,
      "value": 2450.97,
      "score": null,
      "public": false
    }
  },
  {
    "model": "markets.guess",
    "pk": 25,
    "fields": {
      "created_at": "2023-08-26T06:41:15.913Z",
      "user": 23,
      "market": 4,
      "value": 526.55,
      "score": null,
      "public": false
    }
  },
  {
    "model": "markets.guess",
    "pk": 26,
    "fields": {
      "created_at": "2023-08-26T06:41:15.913Z",
      "user": 23,
      "market": 5,
      "value": 5609.47,
      "score": null,
      "public": false
    }
  },
  {
    "model": "markets.guess",
    "pk": 27,
    "fields": {
      "created_at": "2023-08-26T06:41:15.913Z",
      "user": 23,
      "market": 6,
      "value": 908.99,
      "score": null,
      "public": false
    }
  },
  {
    "model": "markets.guess",
    "pk": 28,
    "fields": {
      "created_at": "2023-08-26T06:41:15.913Z",
      "user": 12,
      "market": 4,
      "value": 3898.93,
      "score": null,
      "public": false
    }
  },
  {
    "model": "markets.guess",
    "pk": 29,
    "fields": {
      "created_at": "2023-08-26T06:41:15.913Z",
      "user": 12,
      "market": 5,
      "value": 5074.17,
      "score": null,
      "public": false
    }
  },
  {
    "model": "markets.guess",
    "pk": 30,
    "fields": {
      "created_at": "2023-08-26T06:41:15.913Z",
      "user": 12,
      "market": 6,
      "value": 134.91,
      "score": null,
      "public": false
    }
  },
  {
    "model": "markets.guess",
    "pk": 31,
    "fields": {
      "created_at": "2023-08-26T06:41:15.913Z",
      "user": 25,
      "market": 4,
      "value": 1175.65,
      "score": null,
      "public": false
    }
  },
  {
    "model": "markets.guess",
    "pk": 32,
    "fields": {
      "created_at": "2023-08-26T06:41:15.913Z",
      "user": 25,
      "market": 5,
      "value": 7365.02,
      "score": null,
      "public": false
    }
  },
  {
    "model": "markets.guess",
    "pk": 33,
    "fields": {
      "created_at": "2023-08-26T06:41:15.913Z",
      "user": 25,
      "market": 6,
      "value": 8833.61,
      "score": null,
      "public": false
    }
  },
  {
    "model": "markets.guess",
    "pk": 34,
    "fields": {
      "created_at": "2023-08-26T06:41:15.913Z",
      "user": 10,
      "market": 4,
      "value": 6423.12,
      "score": null,
      "public": false
    }
  },
  {
    "model": "markets.guess",
    "pk": 35,
    "fields": {
      "created_at": "2023-08-26T06:41:15.913Z",
      "user": 10,
      "market": 5,
      "value": 3184.91,
      "score": null,
      "public": false
    }
  },
  {
    "model": "markets.guess",
    "pk": 36,
    "fields": {
      "created_at": "2023-08-26T06:41:15.913Z",
      "user": 3,
      "market": 4,
      "value": 3708.88,
      "score": null,
      "public": false
    }
  },
  {
    "model": "markets.guess",
    "pk": 37,
    "fields": {
      "created_at": "2023-08-26T06:41:15.913Z",
      "user": 3,
      "market": 6,
      "value": 420.33,
      "score": null,
      "public": false
    }
  },
  {
    "model": "markets.guess",
    "pk": 38,
    "fields": {
      "created_at": "2023-08-26T06:41:15.913Z",
      "user": 20,
      "market": 4,
      "value": 7391.2,
      "score": null,
      "public": false
    }
  },
  {
    "model": "markets.guess",
    "pk": 39,
    "fields": {
      "created_at": "2023-08-26T06:41:15.913Z",
      "user": 20,
      "market": 5,
      "value": 4379.22,
      "score": null,
      "public": false
    }
  },
  {
    "model": "markets.guess",
    "pk": 40,
    "fields": {
      "created_at": "2023-08-26T06:41:15.913Z",
      "user": 20,
      "market": 6,
      "value": 7871.63,
      "score": null,
      "public": false
    }
  },
  {
    "model": "markets.guess",
    "pk": 41,
    "fields": {
      "created_at": "2023-08-26T06:41:15.913Z",
      "user": 9,
      "market": 4,
      "value": 7211.27,
      "score": null,
      "public": false
    }
  },
  {
    "model": "markets.guess",
    "pk": 42,
    "fields": {
      "created_at": "2023-08-26T06:41:15.913Z",
      "user": 9,
      "market": 6,
      "value": 8214.43,
      "score": null,
      "public": false
    }
  },
  {
    "model": "markets.guess",
    "pk": 43,
    "fields": {
      "created_at": "2023-08-26T06:41:15.913Z",
      "user": 6,
      "market": 4,
      "value": 2884.94,
      "score": null,
      "public": false
    }
  },
  {
    "model": "markets.guess",
    "pk": 44,
    "fields": {
      "created_at": "2023-08-26T06:41:15.913Z",
      "user": 6,
      "market": 5,
      "value": 614.56,
      "score": null,
      "public": false
    }
  },
  {
    "model": "markets.guess",
    "pk": 45,
    "fields": {
      "created_at": "2023-08-26T06:41:15.913Z",
      "user": 6,
      "market": 6,
      "value": 2126.75,
      "score": null,
      "public": false
    }
  },
  {
    "model": "markets.guess",
    "pk": 46,
    "fields": {
      "created_at": "2023-08-26T06:41:15.913Z",
      "user": 13,
      "market": 4,
      "value": 7570.8,
      "score": null,
      "public": false
    }
  },
  {
    "model": "markets.guess",
    "pk": 47,
    "fields": {
      "created_at": "2023-08-26T06:41:15.913Z",
      "user": 13,
      "market": 5,
      "value": 7932.6,
      "score": null,
      "public": false
    }
  },
  {
    "model": "markets.guess",
    "pk": 48,
    "fields": {
      "created_at": "2023-08-26T06:41:15.913Z",
      "user": 18,
      "market": 4,
      "value": 6895.71,
      "score": null,
      "public": false
    }
  },
  {
    "model": "markets.guess",
    "pk": 49,
    "fields": {
      "created_at": "2023-08-26T06:41:15.913Z",
      "user": 18,
      "market": 5,
      "value": 1524.66,
      "score": null,
      "public": false
    }
  },
  {
    "model": "markets.guess",
    "pk": 50,
    "fields": {
      "created_at": "2023-08-26T06:41:15.913Z",
      "user": 11,
      "market": 4,
      "value": 6570.46,
      "score": null,
      "public": false
    }
  },
  {
    "model": "markets.guess",
    "pk": 51,
    "fields": {
      "created_at": "2023-08-26T06:41:15.913Z",
      "user": 11,
      "market": 6,
      "value": 743.96,
      "score": null,
      "public": false
    }
  },
  {
    "model": "markets.guess",
    "pk": 52,
    "fields": {
      "created_at": "2023-08-26T06:41:15.913Z",
      "user": 17,
      "market": 4,
      "value": 9919.93,
      "score": null,
      "public": false
    }
  },
  {
    "model": "markets.guess",
    "pk": 53,
    "fields": {
      "created_at": "2023-08-26T06:41:15.913Z",
      "user": 17,
      "market": 5,
      "value": 4383.85,
      "score": null,
      "public": false
    }
  },
  {
    "model": "markets.guess",
    "pk": 54,
    "fields": {
      "created_at": "2023-08-26T06:41:15.913Z",
      "user": 17,
      "market": 6,
      "value": 1861.92,
      "score": null,
      "public": false
    }
  },
  {
    "model": "markets.guess",
    "pk": 55,
    "fields": {
      "created_at": "2023-08-26T06:41:15.913Z",
      "user": 22,
      "market": 4,
      "value": 9505.78,
      "score": null,
      "public": false
    }
  },
  {
    "model": "markets.guess",
    "pk": 56,
    "fields": {
      "created_at": "2023-08-26T06:41:15.913Z",
      "user": 22,
      "market": 5,
      "value": 1383.48,
      "score": null,
      "public": false
    }
  },
  {
    "model": "markets.guess",
    "pk": 57,
    "fields": {
      "created_at": "2023-08-26T06:41:15.913Z",
      "user": 22,
      "market": 6,
      "value": 3084.58,
      "score": null,
      "public": false
    }
  },
  {
    "model": "opal.opalhunt",
    "pk": 1,
    "fields": {
      "name": "Your Otis in April",
      "slug": "",
      "active": true,
      "start_date": "2023-08-20T20:47:24Z",
      "hints_released_date": "2023-08-21T00:00:00Z",
      "author_signup_url": "",
      "author_signup_deadline": null,
      "author_draft_deadline": null
    }
  },
  {
    "model": "roster.assistant",
    "pk": 1,
    "fields": {
      "user": 26,
      "shortname": "Lydia",
      "unlisted_students": []
    }
  },
  {
    "model": "roster.assistant",
    "pk": 2,
    "fields": {
      "user": 27,
      "shortname": "Bianca",
      "unlisted_students": []
    }
  },
  {
    "model": "roster.student",
    "pk": 1,
    "fields": {
      "user": 16,
      "semester": 1,
      "assistant": null,
      "reg": 1,
      "legit": true,
      "newborn": false,
      "enabled": true,
      "last_level_seen": 0,
      "curriculum": [150, 141],
      "unlocked_units": [150, 141]
    }
  },
  {
    "model": "roster.student",
    "pk": 2,
    "fields": {
      "user": 24,
      "semester": 1,
      "assistant": null,
      "reg": 2,
      "legit": true,
      "newborn": false,
      "enabled": true,
      "last_level_seen": 0,
      "curriculum": [78, 166, 70, 167, 15, 76, 141, 123, 162],
      "unlocked_units": [78, 70, 76, 162]
    }
  },
  {
    "model": "roster.student",
    "pk": 3,
    "fields": {
      "user": 5,
      "semester": 1,
      "assistant": null,
      "reg": 3,
      "legit": true,
      "newborn": false,
      "enabled": true,
      "last_level_seen": 0,
      "curriculum": [
        40, 42, 71, 23, 25, 167, 14, 10, 13, 140, 103, 118, 48, 27, 47, 132, 105
      ],
      "unlocked_units": [
        40, 71, 23, 25, 167, 14, 10, 13, 140, 103, 118, 48, 27, 47, 132, 105
      ]
    }
  },
  {
    "model": "roster.student",
    "pk": 4,
    "fields": {
      "user": 20,
      "semester": 1,
      "assistant": null,
      "reg": 4,
      "legit": true,
      "newborn": false,
      "enabled": true,
      "last_level_seen": 0,
      "curriculum": [
        50, 55, 71, 57, 61, 25, 121, 80, 45, 131, 62, 92, 64, 120, 105, 157
      ],
      "unlocked_units": [71, 57, 61, 25, 121, 45, 131, 62]
    }
  },
  {
    "model": "roster.student",
    "pk": 5,
    "fields": {
      "user": 19,
      "semester": 1,
      "assistant": null,
      "reg": 5,
      "legit": true,
      "newborn": false,
      "enabled": true,
      "last_level_seen": 0,
      "curriculum": [
        146, 40, 135, 8, 90, 46, 101, 103, 131, 16, 92, 132, 83, 161
      ],
      "unlocked_units": [146, 135, 8, 46, 16, 92, 132, 161]
    }
  },
  {
    "model": "roster.student",
    "pk": 6,
    "fields": {
      "user": 10,
      "semester": 1,
      "assistant": null,
      "reg": 6,
      "legit": true,
      "newborn": false,
      "enabled": true,
      "last_level_seen": 0,
      "curriculum": [65],
      "unlocked_units": [65]
    }
  },
  {
    "model": "roster.student",
    "pk": 7,
    "fields": {
      "user": 1,
      "semester": 1,
      "assistant": null,
      "reg": 7,
      "legit": true,
      "newborn": false,
      "enabled": true,
      "last_level_seen": 0,
      "curriculum": [
        50, 166, 138, 42, 34, 23, 121, 125, 147, 4, 14, 89, 67, 90, 29, 32, 94,
        102, 148, 92, 106, 143, 124, 168, 154, 159
      ],
      "unlocked_units": [23, 94, 102, 159]
    }
  },
  {
    "model": "roster.student",
    "pk": 8,
    "fields": {
      "user": 21,
      "semester": 1,
      "assistant": null,
      "reg": 8,
      "legit": true,
      "newborn": false,
      "enabled": true,
      "last_level_seen": 0,
      "curriculum": [10, 56, 100, 16, 150, 92, 120, 123],
      "unlocked_units": [10, 56, 16, 150, 92, 120]
    }
  },
  {
    "model": "roster.student",
    "pk": 9,
    "fields": {
      "user": 7,
      "semester": 1,
      "assistant": null,
      "reg": 9,
      "legit": true,
      "newborn": false,
      "enabled": true,
      "last_level_seen": 0,
      "curriculum": [49, 135, 89, 32, 93, 150, 132, 158],
      "unlocked_units": [49, 32, 93]
    }
  },
  {
    "model": "roster.student",
    "pk": 10,
    "fields": {
      "user": 18,
      "semester": 1,
      "assistant": null,
      "reg": 10,
      "legit": true,
      "newborn": false,
      "enabled": true,
      "last_level_seen": 0,
      "curriculum": [41, 125, 94, 45, 165],
      "unlocked_units": [125, 94, 45]
    }
  },
  {
    "model": "roster.student",
    "pk": 11,
    "fields": {
      "user": 15,
      "semester": 1,
      "assistant": null,
      "reg": 11,
      "legit": true,
      "newborn": false,
      "enabled": true,
      "last_level_seen": 0,
      "curriculum": [
        127, 137, 121, 76, 53, 136, 29, 149, 115, 109, 124, 107, 123, 105, 157,
        162
      ],
      "unlocked_units": [76]
    }
  },
  {
    "model": "roster.student",
    "pk": 12,
    "fields": {
      "user": 11,
      "semester": 1,
      "assistant": null,
      "reg": 12,
      "legit": true,
      "newborn": false,
      "enabled": true,
      "last_level_seen": 0,
      "curriculum": [
        49, 70, 74, 135, 10, 18, 90, 91, 139, 45, 16, 150, 96, 62, 84, 47
      ],
      "unlocked_units": [
        49, 70, 74, 135, 10, 18, 90, 91, 139, 16, 150, 62, 84, 47
      ]
    }
  },
  {
    "model": "roster.student",
    "pk": 13,
    "fields": {
      "user": 4,
      "semester": 1,
      "assistant": null,
      "reg": 13,
      "legit": true,
      "newborn": false,
      "enabled": true,
      "last_level_seen": 0,
      "curriculum": [102, 131, 141],
      "unlocked_units": [102, 131, 141]
    }
  },
  {
    "model": "roster.student",
    "pk": 14,
    "fields": {
      "user": 14,
      "semester": 1,
      "assistant": null,
      "reg": 14,
      "legit": true,
      "newborn": false,
      "enabled": true,
      "last_level_seen": 0,
      "curriculum": [15, 91, 93, 149],
      "unlocked_units": [15, 91, 93, 149]
    }
  },
  {
    "model": "roster.student",
    "pk": 15,
    "fields": {
      "user": 17,
      "semester": 1,
      "assistant": null,
      "reg": 15,
      "legit": true,
      "newborn": false,
      "enabled": true,
      "last_level_seen": 0,
      "curriculum": [42, 86, 84],
      "unlocked_units": [42, 84]
    }
  },
  {
    "model": "roster.student",
    "pk": 16,
    "fields": {
      "user": 14,
      "semester": 2,
      "assistant": null,
      "reg": 16,
      "legit": true,
      "newborn": false,
      "enabled": true,
      "last_level_seen": 0,
      "curriculum": [40, 67, 94, 148],
      "unlocked_units": [40, 67, 148]
    }
  },
  {
    "model": "roster.student",
    "pk": 17,
    "fields": {
      "user": 4,
      "semester": 2,
      "assistant": null,
      "reg": 17,
      "legit": true,
      "newborn": false,
      "enabled": true,
      "last_level_seen": 0,
      "curriculum": [
        166, 98, 104, 121, 4, 67, 82, 29, 153, 109, 118, 106, 126, 129, 75, 120,
        165
      ],
      "unlocked_units": [98, 104, 121, 67, 82, 29, 118, 126, 129, 75]
    }
  },
  {
    "model": "roster.student",
    "pk": 18,
    "fields": {
      "user": 23,
      "semester": 2,
      "assistant": null,
      "reg": 18,
      "legit": true,
      "newborn": false,
      "enabled": true,
      "last_level_seen": 0,
      "curriculum": [137, 134, 125, 147, 4, 10, 18, 29, 37, 132, 161],
      "unlocked_units": [137, 125, 4, 29, 132]
    }
  },
  {
    "model": "roster.student",
    "pk": 19,
    "fields": {
      "user": 12,
      "semester": 2,
      "assistant": null,
      "reg": 19,
      "legit": true,
      "newborn": false,
      "enabled": true,
      "last_level_seen": 0,
      "curriculum": [25, 8, 136, 92, 144, 114, 158],
      "unlocked_units": [8, 136, 144, 114, 158]
    }
  },
  {
    "model": "roster.student",
    "pk": 20,
    "fields": {
      "user": 25,
      "semester": 2,
      "assistant": null,
      "reg": 20,
      "legit": true,
      "newborn": false,
      "enabled": true,
      "last_level_seen": 0,
      "curriculum": [26, 33, 53, 129],
      "unlocked_units": [33, 53]
    }
  },
  {
    "model": "roster.student",
    "pk": 21,
    "fields": {
      "user": 10,
      "semester": 2,
      "assistant": null,
      "reg": 21,
      "legit": true,
      "newborn": false,
      "enabled": true,
      "last_level_seen": 0,
      "curriculum": [40, 99, 122, 147, 6],
      "unlocked_units": [40, 99, 122, 147, 6]
    }
  },
  {
    "model": "roster.student",
    "pk": 22,
    "fields": {
      "user": 3,
      "semester": 2,
      "assistant": null,
      "reg": 22,
      "legit": true,
      "newborn": false,
      "enabled": true,
      "last_level_seen": 0,
      "curriculum": [21, 6],
      "unlocked_units": [21, 6]
    }
  },
  {
    "model": "roster.student",
    "pk": 23,
    "fields": {
      "user": 15,
      "semester": 2,
      "assistant": null,
      "reg": 23,
      "legit": true,
      "newborn": false,
      "enabled": true,
      "last_level_seen": 0,
      "curriculum": [127, 57, 22, 76, 140, 16, 1, 84, 130, 123, 152],
      "unlocked_units": [57, 84]
    }
  },
  {
    "model": "roster.student",
    "pk": 24,
    "fields": {
      "user": 20,
      "semester": 2,
      "assistant": null,
      "reg": 24,
      "legit": true,
      "newborn": false,
      "enabled": true,
      "last_level_seen": 0,
      "curriculum": [
        55, 137, 71, 98, 57, 104, 134, 4, 10, 68, 76, 18, 32, 131, 16, 92, 48,
        38, 114, 129, 142, 107, 128, 120, 152, 162, 163
      ],
      "unlocked_units": [55, 71, 57, 134, 68, 48, 129, 120]
    }
  },
  {
    "model": "roster.student",
    "pk": 25,
    "fields": {
      "user": 9,
      "semester": 2,
      "assistant": null,
      "reg": 25,
      "legit": true,
      "newborn": false,
      "enabled": true,
      "last_level_seen": 0,
      "curriculum": [
        41, 57, 23, 122, 5, 9, 10, 8, 13, 18, 53, 94, 139, 140, 96, 62, 6, 113,
        142, 75, 168, 151, 154, 156, 158, 164
      ],
      "unlocked_units": [41, 23, 10, 142]
    }
  },
  {
    "model": "roster.student",
    "pk": 26,
    "fields": {
      "user": 6,
      "semester": 2,
      "assistant": null,
      "reg": 26,
      "legit": true,
      "newborn": false,
      "enabled": true,
      "last_level_seen": 0,
      "curriculum": [
        49, 166, 33, 86, 61, 125, 7, 8, 53, 32, 100, 101, 38, 106, 6, 113, 133,
        154, 158
      ],
      "unlocked_units": [49, 166, 86, 61, 7, 8, 53, 32, 100, 101, 38, 106, 133]
    }
  },
  {
    "model": "roster.student",
    "pk": 27,
    "fields": {
      "user": 13,
      "semester": 2,
      "assistant": null,
      "reg": 27,
      "legit": true,
      "newborn": false,
      "enabled": true,
      "last_level_seen": 0,
      "curriculum": [
        49, 127, 78, 98, 39, 134, 9, 56, 76, 18, 80, 82, 93, 21, 1, 116, 62,
        124, 119, 158, 159, 164
      ],
      "unlocked_units": [78, 98, 39, 80, 82, 21, 1, 124, 119, 159]
    }
  },
  {
    "model": "roster.student",
    "pk": 28,
    "fields": {
      "user": 18,
      "semester": 2,
      "assistant": 1,
      "reg": 28,
      "legit": true,
      "newborn": false,
      "enabled": true,
      "last_level_seen": 0,
      "curriculum": [
        137, 40, 41, 73, 39, 61, 134, 147, 69, 18, 90, 93, 139, 115, 153, 109,
        1, 96, 118, 84, 113, 75, 123, 133, 162
      ],
      "unlocked_units": [137, 73, 61, 93, 115, 153, 75, 123]
    }
  },
  {
    "model": "roster.student",
    "pk": 29,
    "fields": {
      "user": 16,
      "semester": 2,
      "assistant": null,
      "reg": 29,
      "legit": true,
      "newborn": false,
      "enabled": true,
      "last_level_seen": 0,
      "curriculum": [
        26, 61, 14, 89, 69, 13, 93, 100, 115, 109, 1, 92, 37, 65, 114, 160
      ],
      "unlocked_units": [61, 14, 89, 93, 100, 115, 109, 1, 92, 37, 65, 114, 160]
    }
  },
  {
    "model": "roster.student",
    "pk": 30,
    "fields": {
      "user": 11,
      "semester": 2,
      "assistant": null,
      "reg": 30,
      "legit": true,
      "newborn": false,
      "enabled": true,
      "last_level_seen": 0,
      "curriculum": [
        49, 127, 57, 60, 39, 8, 69, 18, 94, 46, 115, 109, 131, 21, 92, 48, 84,
        144, 129, 130, 47, 107, 120
      ],
      "unlocked_units": [
        49, 127, 39, 8, 69, 18, 94, 46, 115, 109, 131, 84, 144, 129, 130, 47,
        107, 120
      ]
    }
  },
  {
    "model": "roster.student",
    "pk": 31,
    "fields": {
      "user": 17,
      "semester": 2,
      "assistant": null,
      "reg": 31,
      "legit": true,
      "newborn": false,
      "enabled": true,
      "last_level_seen": 0,
      "curriculum": [147, 18, 116, 143],
      "unlocked_units": [143]
    }
  },
  {
    "model": "roster.student",
    "pk": 32,
    "fields": {
      "user": 22,
      "semester": 2,
      "assistant": null,
      "reg": 32,
      "legit": true,
      "newborn": false,
      "enabled": true,
      "last_level_seen": 0,
      "curriculum": [
        127, 99, 39, 87, 121, 167, 9, 7, 53, 90, 82, 94, 45, 46, 100, 149, 153,
        1, 48, 35, 126, 124, 130, 105
      ],
      "unlocked_units": [127, 39, 87, 121, 9, 90, 94, 100, 130, 105]
    }
  },
  {
    "model": "roster.invoice",
    "pk": 1,
    "fields": {
      "student": 1,
      "preps_taught": 2,
      "hours_taught": "0.00",
      "adjustment": "0.00",
      "credits": "0.00",
      "extras": "0.00",
      "total_paid": "0.00",
      "created_at": "2023-08-26T06:41:09.351Z",
      "updated_at": "2023-08-26T06:41:09.351Z",
      "forgive_date": null,
      "memo": ""
    }
  },
  {
    "model": "roster.invoice",
    "pk": 2,
    "fields": {
      "student": 2,
      "preps_taught": 2,
      "hours_taught": "0.00",
      "adjustment": "0.00",
      "credits": "0.00",
      "extras": "0.00",
      "total_paid": "0.00",
      "created_at": "2023-08-26T06:41:09.352Z",
      "updated_at": "2023-08-26T06:41:09.352Z",
      "forgive_date": null,
      "memo": ""
    }
  },
  {
    "model": "roster.invoice",
    "pk": 3,
    "fields": {
      "student": 3,
      "preps_taught": 2,
      "hours_taught": "0.00",
      "adjustment": "0.00",
      "credits": "0.00",
      "extras": "0.00",
      "total_paid": "0.00",
      "created_at": "2023-08-26T06:41:09.352Z",
      "updated_at": "2023-08-26T06:41:09.352Z",
      "forgive_date": null,
      "memo": ""
    }
  },
  {
    "model": "roster.invoice",
    "pk": 4,
    "fields": {
      "student": 4,
      "preps_taught": 2,
      "hours_taught": "0.00",
      "adjustment": "0.00",
      "credits": "0.00",
      "extras": "0.00",
      "total_paid": "0.00",
      "created_at": "2023-08-26T06:41:09.353Z",
      "updated_at": "2023-08-26T06:41:09.353Z",
      "forgive_date": null,
      "memo": ""
    }
  },
  {
    "model": "roster.invoice",
    "pk": 5,
    "fields": {
      "student": 5,
      "preps_taught": 2,
      "hours_taught": "0.00",
      "adjustment": "0.00",
      "credits": "0.00",
      "extras": "0.00",
      "total_paid": "0.00",
      "created_at": "2023-08-26T06:41:09.354Z",
      "updated_at": "2023-08-26T06:41:09.354Z",
      "forgive_date": null,
      "memo": ""
    }
  },
  {
    "model": "roster.invoice",
    "pk": 6,
    "fields": {
      "student": 6,
      "preps_taught": 2,
      "hours_taught": "0.00",
      "adjustment": "0.00",
      "credits": "0.00",
      "extras": "0.00",
      "total_paid": "0.00",
      "created_at": "2023-08-26T06:41:09.354Z",
      "updated_at": "2023-08-26T06:41:09.354Z",
      "forgive_date": null,
      "memo": ""
    }
  },
  {
    "model": "roster.invoice",
    "pk": 7,
    "fields": {
      "student": 7,
      "preps_taught": 2,
      "hours_taught": "0.00",
      "adjustment": "0.00",
      "credits": "0.00",
      "extras": "0.00",
      "total_paid": "0.00",
      "created_at": "2023-08-26T06:41:09.355Z",
      "updated_at": "2023-08-26T06:41:09.355Z",
      "forgive_date": null,
      "memo": ""
    }
  },
  {
    "model": "roster.invoice",
    "pk": 8,
    "fields": {
      "student": 8,
      "preps_taught": 2,
      "hours_taught": "0.00",
      "adjustment": "0.00",
      "credits": "0.00",
      "extras": "0.00",
      "total_paid": "0.00",
      "created_at": "2023-08-26T06:41:09.355Z",
      "updated_at": "2023-08-26T06:41:09.355Z",
      "forgive_date": null,
      "memo": ""
    }
  },
  {
    "model": "roster.invoice",
    "pk": 9,
    "fields": {
      "student": 9,
      "preps_taught": 2,
      "hours_taught": "0.00",
      "adjustment": "0.00",
      "credits": "0.00",
      "extras": "0.00",
      "total_paid": "0.00",
      "created_at": "2023-08-26T06:41:09.356Z",
      "updated_at": "2023-08-26T06:41:09.356Z",
      "forgive_date": null,
      "memo": ""
    }
  },
  {
    "model": "roster.invoice",
    "pk": 10,
    "fields": {
      "student": 10,
      "preps_taught": 2,
      "hours_taught": "0.00",
      "adjustment": "0.00",
      "credits": "0.00",
      "extras": "0.00",
      "total_paid": "0.00",
      "created_at": "2023-08-26T06:41:09.356Z",
      "updated_at": "2023-08-26T06:41:09.356Z",
      "forgive_date": null,
      "memo": ""
    }
  },
  {
    "model": "roster.invoice",
    "pk": 11,
    "fields": {
      "student": 11,
      "preps_taught": 2,
      "hours_taught": "0.00",
      "adjustment": "0.00",
      "credits": "0.00",
      "extras": "0.00",
      "total_paid": "0.00",
      "created_at": "2023-08-26T06:41:09.357Z",
      "updated_at": "2023-08-26T06:41:09.357Z",
      "forgive_date": null,
      "memo": ""
    }
  },
  {
    "model": "roster.invoice",
    "pk": 12,
    "fields": {
      "student": 12,
      "preps_taught": 2,
      "hours_taught": "0.00",
      "adjustment": "0.00",
      "credits": "0.00",
      "extras": "0.00",
      "total_paid": "0.00",
      "created_at": "2023-08-26T06:41:09.357Z",
      "updated_at": "2023-08-26T06:41:09.357Z",
      "forgive_date": null,
      "memo": ""
    }
  },
  {
    "model": "roster.invoice",
    "pk": 13,
    "fields": {
      "student": 13,
      "preps_taught": 2,
      "hours_taught": "0.00",
      "adjustment": "0.00",
      "credits": "0.00",
      "extras": "0.00",
      "total_paid": "0.00",
      "created_at": "2023-08-26T06:41:09.358Z",
      "updated_at": "2023-08-26T06:41:09.358Z",
      "forgive_date": null,
      "memo": ""
    }
  },
  {
    "model": "roster.invoice",
    "pk": 14,
    "fields": {
      "student": 14,
      "preps_taught": 2,
      "hours_taught": "0.00",
      "adjustment": "0.00",
      "credits": "0.00",
      "extras": "0.00",
      "total_paid": "0.00",
      "created_at": "2023-08-26T06:41:09.358Z",
      "updated_at": "2023-08-26T06:41:09.359Z",
      "forgive_date": null,
      "memo": ""
    }
  },
  {
    "model": "roster.invoice",
    "pk": 15,
    "fields": {
      "student": 15,
      "preps_taught": 2,
      "hours_taught": "0.00",
      "adjustment": "0.00",
      "credits": "0.00",
      "extras": "0.00",
      "total_paid": "0.00",
      "created_at": "2023-08-26T06:41:09.359Z",
      "updated_at": "2023-08-26T06:41:09.359Z",
      "forgive_date": null,
      "memo": ""
    }
  },
  {
    "model": "roster.invoice",
    "pk": 16,
    "fields": {
      "student": 16,
      "preps_taught": 2,
      "hours_taught": "0.00",
      "adjustment": "0.00",
      "credits": "0.00",
      "extras": "0.00",
      "total_paid": "0.00",
      "created_at": "2023-08-26T06:41:12.162Z",
      "updated_at": "2023-08-26T06:41:12.162Z",
      "forgive_date": null,
      "memo": ""
    }
  },
  {
    "model": "roster.invoice",
    "pk": 17,
    "fields": {
      "student": 17,
      "preps_taught": 2,
      "hours_taught": "0.00",
      "adjustment": "0.00",
      "credits": "0.00",
      "extras": "0.00",
      "total_paid": "0.00",
      "created_at": "2023-08-26T06:41:12.162Z",
      "updated_at": "2023-08-26T06:41:12.162Z",
      "forgive_date": null,
      "memo": ""
    }
  },
  {
    "model": "roster.invoice",
    "pk": 18,
    "fields": {
      "student": 18,
      "preps_taught": 2,
      "hours_taught": "0.00",
      "adjustment": "0.00",
      "credits": "0.00",
      "extras": "0.00",
      "total_paid": "0.00",
      "created_at": "2023-08-26T06:41:12.162Z",
      "updated_at": "2023-08-26T06:41:12.162Z",
      "forgive_date": null,
      "memo": ""
    }
  },
  {
    "model": "roster.invoice",
    "pk": 19,
    "fields": {
      "student": 19,
      "preps_taught": 2,
      "hours_taught": "0.00",
      "adjustment": "0.00",
      "credits": "0.00",
      "extras": "0.00",
      "total_paid": "0.00",
      "created_at": "2023-08-26T06:41:12.162Z",
      "updated_at": "2023-08-26T06:41:12.162Z",
      "forgive_date": null,
      "memo": ""
    }
  },
  {
    "model": "roster.invoice",
    "pk": 20,
    "fields": {
      "student": 20,
      "preps_taught": 2,
      "hours_taught": "0.00",
      "adjustment": "0.00",
      "credits": "0.00",
      "extras": "0.00",
      "total_paid": "0.00",
      "created_at": "2023-08-26T06:41:12.162Z",
      "updated_at": "2023-08-26T06:41:12.162Z",
      "forgive_date": null,
      "memo": ""
    }
  },
  {
    "model": "roster.invoice",
    "pk": 21,
    "fields": {
      "student": 21,
      "preps_taught": 2,
      "hours_taught": "0.00",
      "adjustment": "0.00",
      "credits": "0.00",
      "extras": "0.00",
      "total_paid": "0.00",
      "created_at": "2023-08-26T06:41:12.162Z",
      "updated_at": "2023-08-26T06:41:12.162Z",
      "forgive_date": null,
      "memo": ""
    }
  },
  {
    "model": "roster.invoice",
    "pk": 22,
    "fields": {
      "student": 22,
      "preps_taught": 2,
      "hours_taught": "0.00",
      "adjustment": "0.00",
      "credits": "0.00",
      "extras": "0.00",
      "total_paid": "0.00",
      "created_at": "2023-08-26T06:41:12.163Z",
      "updated_at": "2023-08-26T06:41:12.163Z",
      "forgive_date": null,
      "memo": ""
    }
  },
  {
    "model": "roster.invoice",
    "pk": 23,
    "fields": {
      "student": 23,
      "preps_taught": 2,
      "hours_taught": "0.00",
      "adjustment": "0.00",
      "credits": "0.00",
      "extras": "0.00",
      "total_paid": "0.00",
      "created_at": "2023-08-26T06:41:12.163Z",
      "updated_at": "2023-08-26T06:41:12.163Z",
      "forgive_date": null,
      "memo": ""
    }
  },
  {
    "model": "roster.invoice",
    "pk": 24,
    "fields": {
      "student": 24,
      "preps_taught": 2,
      "hours_taught": "0.00",
      "adjustment": "0.00",
      "credits": "0.00",
      "extras": "0.00",
      "total_paid": "0.00",
      "created_at": "2023-08-26T06:41:12.163Z",
      "updated_at": "2023-08-26T06:41:12.163Z",
      "forgive_date": null,
      "memo": ""
    }
  },
  {
    "model": "roster.invoice",
    "pk": 25,
    "fields": {
      "student": 25,
      "preps_taught": 2,
      "hours_taught": "0.00",
      "adjustment": "0.00",
      "credits": "0.00",
      "extras": "0.00",
      "total_paid": "0.00",
      "created_at": "2023-08-26T06:41:12.163Z",
      "updated_at": "2023-08-26T06:41:12.163Z",
      "forgive_date": null,
      "memo": ""
    }
  },
  {
    "model": "roster.invoice",
    "pk": 26,
    "fields": {
      "student": 26,
      "preps_taught": 2,
      "hours_taught": "0.00",
      "adjustment": "0.00",
      "credits": "0.00",
      "extras": "0.00",
      "total_paid": "0.00",
      "created_at": "2023-08-26T06:41:12.163Z",
      "updated_at": "2023-08-26T06:41:12.163Z",
      "forgive_date": null,
      "memo": ""
    }
  },
  {
    "model": "roster.invoice",
    "pk": 27,
    "fields": {
      "student": 27,
      "preps_taught": 2,
      "hours_taught": "0.00",
      "adjustment": "0.00",
      "credits": "0.00",
      "extras": "0.00",
      "total_paid": "0.00",
      "created_at": "2023-08-26T06:41:12.163Z",
      "updated_at": "2023-08-26T06:41:12.163Z",
      "forgive_date": null,
      "memo": ""
    }
  },
  {
    "model": "roster.invoice",
    "pk": 28,
    "fields": {
      "student": 28,
      "preps_taught": 2,
      "hours_taught": "0.00",
      "adjustment": "0.00",
      "credits": "0.00",
      "extras": "0.00",
      "total_paid": "0.00",
      "created_at": "2023-08-26T06:41:12.163Z",
      "updated_at": "2023-08-26T06:41:12.163Z",
      "forgive_date": null,
      "memo": ""
    }
  },
  {
    "model": "roster.invoice",
    "pk": 29,
    "fields": {
      "student": 29,
      "preps_taught": 2,
      "hours_taught": "0.00",
      "adjustment": "0.00",
      "credits": "0.00",
      "extras": "0.00",
      "total_paid": "0.00",
      "created_at": "2023-08-26T06:41:12.163Z",
      "updated_at": "2023-08-26T06:41:12.163Z",
      "forgive_date": null,
      "memo": ""
    }
  },
  {
    "model": "roster.invoice",
    "pk": 30,
    "fields": {
      "student": 30,
      "preps_taught": 2,
      "hours_taught": "0.00",
      "adjustment": "0.00",
      "credits": "0.00",
      "extras": "0.00",
      "total_paid": "0.00",
      "created_at": "2023-08-26T06:41:12.163Z",
      "updated_at": "2023-08-26T06:41:12.163Z",
      "forgive_date": null,
      "memo": ""
    }
  },
  {
    "model": "roster.invoice",
    "pk": 31,
    "fields": {
      "student": 31,
      "preps_taught": 2,
      "hours_taught": "0.00",
      "adjustment": "0.00",
      "credits": "0.00",
      "extras": "0.00",
      "total_paid": "0.00",
      "created_at": "2023-08-26T06:41:12.163Z",
      "updated_at": "2023-08-26T06:41:12.163Z",
      "forgive_date": null,
      "memo": ""
    }
  },
  {
    "model": "roster.invoice",
    "pk": 32,
    "fields": {
      "student": 32,
      "preps_taught": 2,
      "hours_taught": "0.00",
      "adjustment": "0.00",
      "credits": "0.00",
      "extras": "0.00",
      "total_paid": "0.00",
      "created_at": "2023-08-26T06:41:12.163Z",
      "updated_at": "2023-08-26T06:41:12.163Z",
      "forgive_date": null,
      "memo": ""
    }
  },
  {
    "model": "roster.registrationcontainer",
    "pk": 1,
    "fields": {
      "semester": 1,
      "passcode": "Salmon",
      "accepting_responses": false
    }
  },
  {
    "model": "roster.registrationcontainer",
    "pk": 2,
    "fields": {
      "semester": 2,
      "passcode": "DeepSkyBlue",
      "accepting_responses": false
    }
  },
  {
    "model": "roster.studentregistration",
    "pk": 1,
    "fields": {
      "user": 16,
      "container": 1,
      "parent_email": "qjohnson@example.org",
      "gender": "H",
      "graduation_year": 2026,
      "school_name": "Charlesside",
      "aops_username": "",
      "agreement_form": "",
      "processed": true,
      "created_at": "2023-08-26T06:41:09.437Z",
      "country": "USA"
    }
  },
  {
    "model": "roster.studentregistration",
    "pk": 2,
    "fields": {
      "user": 24,
      "container": 1,
      "parent_email": "rossjacob@example.org",
      "gender": "M",
      "graduation_year": 2027,
      "school_name": "West Brandyberg",
      "aops_username": "",
      "agreement_form": "",
      "processed": true,
      "created_at": "2023-08-26T06:41:09.437Z",
      "country": "USA"
    }
  },
  {
    "model": "roster.studentregistration",
    "pk": 3,
    "fields": {
      "user": 5,
      "container": 1,
      "parent_email": "jefferyruiz@example.net",
      "gender": "H",
      "graduation_year": 2023,
      "school_name": "South Fred",
      "aops_username": "",
      "agreement_form": "",
      "processed": true,
      "created_at": "2023-08-26T06:41:09.437Z",
      "country": "USA"
    }
  },
  {
    "model": "roster.studentregistration",
    "pk": 4,
    "fields": {
      "user": 20,
      "container": 1,
      "parent_email": "rebecca20@example.net",
      "gender": "M",
      "graduation_year": 2022,
      "school_name": "Suarezfort",
      "aops_username": "",
      "agreement_form": "",
      "processed": true,
      "created_at": "2023-08-26T06:41:09.437Z",
      "country": "USA"
    }
  },
  {
    "model": "roster.studentregistration",
    "pk": 5,
    "fields": {
      "user": 19,
      "container": 1,
      "parent_email": "michaelschmidt@example.com",
      "gender": "M",
      "graduation_year": 2024,
      "school_name": "Lake Robert",
      "aops_username": "",
      "agreement_form": "",
      "processed": true,
      "created_at": "2023-08-26T06:41:09.437Z",
      "country": "USA"
    }
  },
  {
    "model": "roster.studentregistration",
    "pk": 6,
    "fields": {
      "user": 10,
      "container": 1,
      "parent_email": "newmanbrandon@example.net",
      "gender": "H",
      "graduation_year": 2027,
      "school_name": "Brianberg",
      "aops_username": "",
      "agreement_form": "",
      "processed": true,
      "created_at": "2023-08-26T06:41:09.437Z",
      "country": "USA"
    }
  },
  {
    "model": "roster.studentregistration",
    "pk": 7,
    "fields": {
      "user": 1,
      "container": 1,
      "parent_email": "gary38@example.net",
      "gender": "F",
      "graduation_year": 2025,
      "school_name": "Dianafurt",
      "aops_username": "",
      "agreement_form": "",
      "processed": true,
      "created_at": "2023-08-26T06:41:09.437Z",
      "country": "USA"
    }
  },
  {
    "model": "roster.studentregistration",
    "pk": 8,
    "fields": {
      "user": 21,
      "container": 1,
      "parent_email": "michael31@example.org",
      "gender": "F",
      "graduation_year": 2021,
      "school_name": "West Joyce",
      "aops_username": "",
      "agreement_form": "",
      "processed": true,
      "created_at": "2023-08-26T06:41:09.437Z",
      "country": "USA"
    }
  },
  {
    "model": "roster.studentregistration",
    "pk": 9,
    "fields": {
      "user": 7,
      "container": 1,
      "parent_email": "hmoreno@example.net",
      "gender": "H",
      "graduation_year": 2022,
      "school_name": "South Robert",
      "aops_username": "",
      "agreement_form": "",
      "processed": true,
      "created_at": "2023-08-26T06:41:09.437Z",
      "country": "USA"
    }
  },
  {
    "model": "roster.studentregistration",
    "pk": 10,
    "fields": {
      "user": 18,
      "container": 1,
      "parent_email": "danamcdaniel@example.com",
      "gender": "F",
      "graduation_year": 2026,
      "school_name": "Jarvisfurt",
      "aops_username": "",
      "agreement_form": "",
      "processed": true,
      "created_at": "2023-08-26T06:41:09.437Z",
      "country": "USA"
    }
  },
  {
    "model": "roster.studentregistration",
    "pk": 11,
    "fields": {
      "user": 15,
      "container": 1,
      "parent_email": "paulfoster@example.net",
      "gender": "H",
      "graduation_year": 2023,
      "school_name": "Martinezbury",
      "aops_username": "",
      "agreement_form": "",
      "processed": true,
      "created_at": "2023-08-26T06:41:09.437Z",
      "country": "USA"
    }
  },
  {
    "model": "roster.studentregistration",
    "pk": 12,
    "fields": {
      "user": 11,
      "container": 1,
      "parent_email": "xalvarez@example.com",
      "gender": "H",
      "graduation_year": 2021,
      "school_name": "West Rachael",
      "aops_username": "",
      "agreement_form": "",
      "processed": true,
      "created_at": "2023-08-26T06:41:09.437Z",
      "country": "USA"
    }
  },
  {
    "model": "roster.studentregistration",
    "pk": 13,
    "fields": {
      "user": 4,
      "container": 1,
      "parent_email": "rwilson@example.net",
      "gender": "F",
      "graduation_year": 2022,
      "school_name": "Englishmouth",
      "aops_username": "",
      "agreement_form": "",
      "processed": true,
      "created_at": "2023-08-26T06:41:09.437Z",
      "country": "USA"
    }
  },
  {
    "model": "roster.studentregistration",
    "pk": 14,
    "fields": {
      "user": 14,
      "container": 1,
      "parent_email": "elizabethshannon@example.net",
      "gender": "F",
      "graduation_year": 2027,
      "school_name": "Port Kyle",
      "aops_username": "",
      "agreement_form": "",
      "processed": true,
      "created_at": "2023-08-26T06:41:09.437Z",
      "country": "USA"
    }
  },
  {
    "model": "roster.studentregistration",
    "pk": 15,
    "fields": {
      "user": 17,
      "container": 1,
      "parent_email": "christopher99@example.net",
      "gender": "F",
      "graduation_year": 2027,
      "school_name": "South Marcus",
      "aops_username": "",
      "agreement_form": "",
      "processed": true,
      "created_at": "2023-08-26T06:41:09.437Z",
      "country": "USA"
    }
  },
  {
    "model": "roster.studentregistration",
    "pk": 16,
    "fields": {
      "user": 14,
      "container": 2,
      "parent_email": "brownjoyce@example.net",
      "gender": "H",
      "graduation_year": 2027,
      "school_name": "Lake Bradhaven",
      "aops_username": "",
      "agreement_form": "",
      "processed": true,
      "created_at": "2023-08-26T06:41:12.257Z",
      "country": "USA"
    }
  },
  {
    "model": "roster.studentregistration",
    "pk": 17,
    "fields": {
      "user": 4,
      "container": 2,
      "parent_email": "davidsonsamuel@example.org",
      "gender": "H",
      "graduation_year": 2029,
      "school_name": "South Kirstenborough",
      "aops_username": "",
      "agreement_form": "",
      "processed": true,
      "created_at": "2023-08-26T06:41:12.257Z",
      "country": "USA"
    }
  },
  {
    "model": "roster.studentregistration",
    "pk": 18,
    "fields": {
      "user": 23,
      "container": 2,
      "parent_email": "angela69@example.org",
      "gender": "H",
      "graduation_year": 2028,
      "school_name": "New Ashleymouth",
      "aops_username": "",
      "agreement_form": "",
      "processed": true,
      "created_at": "2023-08-26T06:41:12.257Z",
      "country": "USA"
    }
  },
  {
    "model": "roster.studentregistration",
    "pk": 19,
    "fields": {
      "user": 12,
      "container": 2,
      "parent_email": "kathleenkim@example.org",
      "gender": "F",
      "graduation_year": 2029,
      "school_name": "South Luis",
      "aops_username": "",
      "agreement_form": "",
      "processed": true,
      "created_at": "2023-08-26T06:41:12.257Z",
      "country": "USA"
    }
  },
  {
    "model": "roster.studentregistration",
    "pk": 20,
    "fields": {
      "user": 25,
      "container": 2,
      "parent_email": "goodwinann@example.org",
      "gender": "M",
      "graduation_year": 2024,
      "school_name": "West Sarahfurt",
      "aops_username": "",
      "agreement_form": "",
      "processed": true,
      "created_at": "2023-08-26T06:41:12.257Z",
      "country": "USA"
    }
  },
  {
    "model": "roster.studentregistration",
    "pk": 21,
    "fields": {
      "user": 10,
      "container": 2,
      "parent_email": "pburgess@example.net",
      "gender": "H",
      "graduation_year": 2027,
      "school_name": "South Angelamouth",
      "aops_username": "",
      "agreement_form": "",
      "processed": true,
      "created_at": "2023-08-26T06:41:12.257Z",
      "country": "USA"
    }
  },
  {
    "model": "roster.studentregistration",
    "pk": 22,
    "fields": {
      "user": 3,
      "container": 2,
      "parent_email": "keith35@example.com",
      "gender": "H",
      "graduation_year": 2021,
      "school_name": "Edwardsport",
      "aops_username": "",
      "agreement_form": "",
      "processed": true,
      "created_at": "2023-08-26T06:41:12.257Z",
      "country": "USA"
    }
  },
  {
    "model": "roster.studentregistration",
    "pk": 23,
    "fields": {
      "user": 15,
      "container": 2,
      "parent_email": "christinawilliamson@example.com",
      "gender": "H",
      "graduation_year": 2025,
      "school_name": "Jimenezville",
      "aops_username": "",
      "agreement_form": "",
      "processed": true,
      "created_at": "2023-08-26T06:41:12.257Z",
      "country": "USA"
    }
  },
  {
    "model": "roster.studentregistration",
    "pk": 24,
    "fields": {
      "user": 20,
      "container": 2,
      "parent_email": "matthew15@example.com",
      "gender": "H",
      "graduation_year": 2023,
      "school_name": "Lake Andrewton",
      "aops_username": "",
      "agreement_form": "",
      "processed": true,
      "created_at": "2023-08-26T06:41:12.257Z",
      "country": "USA"
    }
  },
  {
    "model": "roster.studentregistration",
    "pk": 25,
    "fields": {
      "user": 9,
      "container": 2,
      "parent_email": "lori41@example.com",
      "gender": "H",
      "graduation_year": 2022,
      "school_name": "New Gabrielchester",
      "aops_username": "",
      "agreement_form": "",
      "processed": true,
      "created_at": "2023-08-26T06:41:12.257Z",
      "country": "USA"
    }
  },
  {
    "model": "roster.studentregistration",
    "pk": 26,
    "fields": {
      "user": 6,
      "container": 2,
      "parent_email": "michaelschwartz@example.org",
      "gender": "F",
      "graduation_year": 2021,
      "school_name": "North Denisechester",
      "aops_username": "",
      "agreement_form": "",
      "processed": true,
      "created_at": "2023-08-26T06:41:12.257Z",
      "country": "USA"
    }
  },
  {
    "model": "roster.studentregistration",
    "pk": 27,
    "fields": {
      "user": 13,
      "container": 2,
      "parent_email": "howardmelissa@example.com",
      "gender": "H",
      "graduation_year": 2027,
      "school_name": "Dodsonside",
      "aops_username": "",
      "agreement_form": "",
      "processed": true,
      "created_at": "2023-08-26T06:41:12.257Z",
      "country": "USA"
    }
  },
  {
    "model": "roster.studentregistration",
    "pk": 28,
    "fields": {
      "user": 18,
      "container": 2,
      "parent_email": "emendez@example.com",
      "gender": "H",
      "graduation_year": 2026,
      "school_name": "Davisfurt",
      "aops_username": "",
      "agreement_form": "",
      "processed": true,
      "created_at": "2023-08-26T06:41:12.257Z",
      "country": "USA"
    }
  },
  {
    "model": "roster.studentregistration",
    "pk": 29,
    "fields": {
      "user": 16,
      "container": 2,
      "parent_email": "rubenjohnson@example.org",
      "gender": "F",
      "graduation_year": 2025,
      "school_name": "Avilachester",
      "aops_username": "",
      "agreement_form": "",
      "processed": true,
      "created_at": "2023-08-26T06:41:12.257Z",
      "country": "USA"
    }
  },
  {
    "model": "roster.studentregistration",
    "pk": 30,
    "fields": {
      "user": 11,
      "container": 2,
      "parent_email": "andrewprice@example.com",
      "gender": "H",
      "graduation_year": 2027,
      "school_name": "East Williamstad",
      "aops_username": "",
      "agreement_form": "",
      "processed": true,
      "created_at": "2023-08-26T06:41:12.257Z",
      "country": "USA"
    }
  },
  {
    "model": "roster.studentregistration",
    "pk": 31,
    "fields": {
      "user": 17,
      "container": 2,
      "parent_email": "bridgeslori@example.org",
      "gender": "H",
      "graduation_year": 2026,
      "school_name": "New Frankmouth",
      "aops_username": "",
      "agreement_form": "",
      "processed": true,
      "created_at": "2023-08-26T06:41:12.257Z",
      "country": "USA"
    }
  },
  {
    "model": "roster.studentregistration",
    "pk": 32,
    "fields": {
      "user": 22,
      "container": 2,
      "parent_email": "christopherwilliams@example.com",
      "gender": "H",
      "graduation_year": 2025,
      "school_name": "Dianebury",
      "aops_username": "",
      "agreement_form": "",
      "processed": true,
      "created_at": "2023-08-26T06:41:12.257Z",
      "country": "USA"
    }
  },
  {
    "model": "rpg.achievement",
    "pk": 1,
    "fields": {
      "code": "59763b7af54931d8615a693b",
      "name": "Commercial art gallery manager",
      "image": "badges/TESTING_r8843fdcd854ff743_lrKqXwH.png",
      "description": "Together product popular no turn now understand.",
      "solution": "Different seat plant vote open enter.",
      "diamonds": 4,
      "creator": null,
      "always_show_image": false,
      "show_solution": true,
      "show_creator": false
    }
  },
  {
    "model": "rpg.achievement",
    "pk": 2,
    "fields": {
      "code": "c7a3c074e261ff9861aecaef",
      "name": "Landscape architect",
      "image": "badges/TESTING_r38038145fc71cf30_9CSQB8g.png",
      "description": "Audience point wife director.",
      "solution": "Record rich scene certain she talk read.",
      "diamonds": 6,
      "creator": null,
      "always_show_image": false,
      "show_solution": true,
      "show_creator": false
    }
  },
  {
    "model": "rpg.achievement",
    "pk": 3,
    "fields": {
      "code": "7c7b057b41cd2aa122dae8ec",
      "name": "Surveyor, insurance",
      "image": "badges/TESTING_r96d6c274901bf0c3_GXo0XgX.png",
      "description": "Fall different performance to hospital.",
      "solution": "Technology gun offer rather.",
      "diamonds": 7,
      "creator": null,
      "always_show_image": false,
      "show_solution": true,
      "show_creator": false
    }
  },
  {
    "model": "rpg.achievement",
    "pk": 4,
    "fields": {
      "code": "16217c9c124085bda133770e",
      "name": "Intelligence analyst",
      "image": "badges/TESTING_r65a4d161495f9749_e7wgObX.png",
      "description": "His several ask morning.",
      "solution": "Raise science woman program amount traditional.",
      "diamonds": 5,
      "creator": null,
      "always_show_image": false,
      "show_solution": true,
      "show_creator": false
    }
  },
  {
    "model": "rpg.achievement",
    "pk": 5,
    "fields": {
      "code": "ee19b9046c2994289ea7e187",
      "name": "English as a second language teacher",
      "image": "badges/TESTING_rfb40c6ff3088330c_pNFYQLb.png",
      "description": "Put especially never type add record.",
      "solution": "Stand big would artist far responsibility.",
      "diamonds": 4,
      "creator": null,
      "always_show_image": false,
      "show_solution": true,
      "show_creator": false
    }
  },
  {
    "model": "rpg.level",
    "pk": 1,
    "fields": {
      "threshold": 1,
      "name": "Starter",
      "alttext": ""
    }
  },
  {
    "model": "rpg.level",
    "pk": 2,
    "fields": {
      "threshold": 2,
      "name": "n00b",
      "alttext": ""
    }
  },
  {
    "model": "rpg.level",
    "pk": 3,
    "fields": {
      "threshold": 3,
      "name": "n000b",
      "alttext": ""
    }
  },
  {
    "model": "rpg.level",
    "pk": 4,
    "fields": {
      "threshold": 4,
      "name": "n0000b",
      "alttext": ""
    }
  },
  {
    "model": "rpg.level",
    "pk": 5,
    "fields": {
      "threshold": 5,
      "name": "n00000b",
      "alttext": ""
    }
  },
  {
    "model": "rpg.level",
    "pk": 6,
    "fields": {
      "threshold": 6,
      "name": "n000000b",
      "alttext": ""
    }
  },
  {
    "model": "rpg.level",
    "pk": 7,
    "fields": {
      "threshold": 7,
      "name": "n0000000b",
      "alttext": ""
    }
  },
  {
    "model": "rpg.level",
    "pk": 8,
    "fields": {
      "threshold": 8,
      "name": "n00000000b",
      "alttext": ""
    }
  },
  {
    "model": "rpg.level",
    "pk": 9,
    "fields": {
      "threshold": 9,
      "name": "n000000000b",
      "alttext": ""
    }
  },
  {
    "model": "rpg.level",
    "pk": 10,
    "fields": {
      "threshold": 10,
      "name": "Newbie",
      "alttext": ""
    }
  },
  {
    "model": "rpg.level",
    "pk": 11,
    "fields": {
      "threshold": 11,
      "name": "Newcomer",
      "alttext": ""
    }
  },
  {
    "model": "rpg.level",
    "pk": 12,
    "fields": {
      "threshold": 12,
      "name": "Tenderfoot",
      "alttext": ""
    }
  },
  {
    "model": "rpg.level",
    "pk": 13,
    "fields": {
      "threshold": 13,
      "name": "Arriver",
      "alttext": ""
    }
  },
  {
    "model": "rpg.level",
    "pk": 14,
    "fields": {
      "threshold": 14,
      "name": "Rookie",
      "alttext": ""
    }
  },
  {
    "model": "rpg.level",
    "pk": 15,
    "fields": {
      "threshold": 15,
      "name": "Recruit",
      "alttext": ""
    }
  },
  {
    "model": "rpg.level",
    "pk": 16,
    "fields": {
      "threshold": 16,
      "name": "Novice",
      "alttext": ""
    }
  },
  {
    "model": "rpg.level",
    "pk": 17,
    "fields": {
      "threshold": 17,
      "name": "Neophyte",
      "alttext": ""
    }
  },
  {
    "model": "rpg.level",
    "pk": 18,
    "fields": {
      "threshold": 18,
      "name": "Aspirant",
      "alttext": ""
    }
  },
  {
    "model": "rpg.level",
    "pk": 19,
    "fields": {
      "threshold": 19,
      "name": "Initiate",
      "alttext": ""
    }
  },
  {
    "model": "rpg.level",
    "pk": 20,
    "fields": {
      "threshold": 20,
      "name": "Disciple",
      "alttext": ""
    }
  },
  {
    "model": "rpg.level",
    "pk": 21,
    "fields": {
      "threshold": 21,
      "name": "Proselyte",
      "alttext": ""
    }
  },
  {
    "model": "rpg.level",
    "pk": 22,
    "fields": {
      "threshold": 22,
      "name": "Philosopher",
      "alttext": ""
    }
  },
  {
    "model": "rpg.level",
    "pk": 23,
    "fields": {
      "threshold": 23,
      "name": "Acolyte",
      "alttext": ""
    }
  },
  {
    "model": "rpg.level",
    "pk": 24,
    "fields": {
      "threshold": 24,
      "name": "Curate",
      "alttext": ""
    }
  },
  {
    "model": "rpg.level",
    "pk": 25,
    "fields": {
      "threshold": 25,
      "name": "Adept",
      "alttext": ""
    }
  },
  {
    "model": "rpg.level",
    "pk": 26,
    "fields": {
      "threshold": 26,
      "name": "Traveler",
      "alttext": ""
    }
  },
  {
    "model": "rpg.level",
    "pk": 27,
    "fields": {
      "threshold": 27,
      "name": "Rover",
      "alttext": ""
    }
  },
  {
    "model": "rpg.level",
    "pk": 28,
    "fields": {
      "threshold": 28,
      "name": "Surveyor",
      "alttext": ""
    }
  },
  {
    "model": "rpg.level",
    "pk": 29,
    "fields": {
      "threshold": 29,
      "name": "Voyager",
      "alttext": ""
    }
  },
  {
    "model": "rpg.level",
    "pk": 30,
    "fields": {
      "threshold": 30,
      "name": "Journeyer",
      "alttext": ""
    }
  },
  {
    "model": "rpg.level",
    "pk": 31,
    "fields": {
      "threshold": 31,
      "name": "Prober",
      "alttext": ""
    }
  },
  {
    "model": "rpg.level",
    "pk": 32,
    "fields": {
      "threshold": 32,
      "name": "Adventurer",
      "alttext": ""
    }
  },
  {
    "model": "rpg.level",
    "pk": 33,
    "fields": {
      "threshold": 33,
      "name": "Explorer",
      "alttext": ""
    }
  },
  {
    "model": "rpg.level",
    "pk": 34,
    "fields": {
      "threshold": 34,
      "name": "Discoverer",
      "alttext": ""
    }
  },
  {
    "model": "rpg.level",
    "pk": 35,
    "fields": {
      "threshold": 35,
      "name": "Pioneer",
      "alttext": ""
    }
  },
  {
    "model": "rpg.level",
    "pk": 36,
    "fields": {
      "threshold": 36,
      "name": "Engineer",
      "alttext": ""
    }
  },
  {
    "model": "rpg.level",
    "pk": 37,
    "fields": {
      "threshold": 37,
      "name": "Originator",
      "alttext": ""
    }
  },
  {
    "model": "rpg.level",
    "pk": 38,
    "fields": {
      "threshold": 38,
      "name": "Technician",
      "alttext": ""
    }
  },
  {
    "model": "rpg.level",
    "pk": 39,
    "fields": {
      "threshold": 39,
      "name": "Scientist",
      "alttext": ""
    }
  },
  {
    "model": "rpg.level",
    "pk": 40,
    "fields": {
      "threshold": 40,
      "name": "Veteran Scientist",
      "alttext": ""
    }
  },
  {
    "model": "rpg.level",
    "pk": 41,
    "fields": {
      "threshold": 41,
      "name": "Disciple of the Sciences",
      "alttext": ""
    }
  },
  {
    "model": "rpg.level",
    "pk": 42,
    "fields": {
      "threshold": 42,
      "name": "Scholar of the Sciences",
      "alttext": ""
    }
  },
  {
    "model": "rpg.level",
    "pk": 43,
    "fields": {
      "threshold": 43,
      "name": "Erudite of the Sciences",
      "alttext": ""
    }
  },
  {
    "model": "rpg.level",
    "pk": 44,
    "fields": {
      "threshold": 44,
      "name": "Expert of the Sciences",
      "alttext": ""
    }
  },
  {
    "model": "rpg.level",
    "pk": 45,
    "fields": {
      "threshold": 45,
      "name": "Master of the Sciences",
      "alttext": ""
    }
  },
  {
    "model": "rpg.level",
    "pk": 46,
    "fields": {
      "threshold": 46,
      "name": "Inventor",
      "alttext": ""
    }
  },
  {
    "model": "rpg.level",
    "pk": 47,
    "fields": {
      "threshold": 47,
      "name": "Innovator",
      "alttext": ""
    }
  },
  {
    "model": "rpg.level",
    "pk": 48,
    "fields": {
      "threshold": 48,
      "name": "Composer",
      "alttext": ""
    }
  },
  {
    "model": "rpg.level",
    "pk": 49,
    "fields": {
      "threshold": 49,
      "name": "Builder",
      "alttext": ""
    }
  },
  {
    "model": "rpg.level",
    "pk": 50,
    "fields": {
      "threshold": 50,
      "name": "Author",
      "alttext": ""
    }
  },
  {
    "model": "rpg.level",
    "pk": 51,
    "fields": {
      "threshold": 51,
      "name": "Craftsperson",
      "alttext": ""
    }
  },
  {
    "model": "rpg.level",
    "pk": 52,
    "fields": {
      "threshold": 52,
      "name": "Designer",
      "alttext": ""
    }
  },
  {
    "model": "rpg.level",
    "pk": 53,
    "fields": {
      "threshold": 53,
      "name": "Architect",
      "alttext": ""
    }
  },
  {
    "model": "rpg.level",
    "pk": 54,
    "fields": {
      "threshold": 54,
      "name": "Creator",
      "alttext": ""
    }
  },
  {
    "model": "rpg.level",
    "pk": 55,
    "fields": {
      "threshold": 55,
      "name": "Artisan",
      "alttext": ""
    }
  },
  {
    "model": "rpg.level",
    "pk": 56,
    "fields": {
      "threshold": 56,
      "name": "Artist",
      "alttext": ""
    }
  },
  {
    "model": "rpg.level",
    "pk": 57,
    "fields": {
      "threshold": 57,
      "name": "Disciple of the Arts",
      "alttext": ""
    }
  },
  {
    "model": "rpg.level",
    "pk": 58,
    "fields": {
      "threshold": 58,
      "name": "Scholar of the Arts",
      "alttext": ""
    }
  },
  {
    "model": "rpg.level",
    "pk": 59,
    "fields": {
      "threshold": 59,
      "name": "Erudite of the Arts",
      "alttext": ""
    }
  },
  {
    "model": "rpg.level",
    "pk": 60,
    "fields": {
      "threshold": 60,
      "name": "Expert of the Arts",
      "alttext": ""
    }
  },
  {
    "model": "rpg.level",
    "pk": 61,
    "fields": {
      "threshold": 61,
      "name": "Master of the Arts",
      "alttext": ""
    }
  },
  {
    "model": "rpg.level",
    "pk": 62,
    "fields": {
      "threshold": 62,
      "name": "Paladin",
      "alttext": ""
    }
  },
  {
    "model": "rpg.level",
    "pk": 63,
    "fields": {
      "threshold": 63,
      "name": "Sage",
      "alttext": ""
    }
  },
  {
    "model": "rpg.level",
    "pk": 64,
    "fields": {
      "threshold": 64,
      "name": "Strider",
      "alttext": ""
    }
  },
  {
    "model": "rpg.level",
    "pk": 65,
    "fields": {
      "threshold": 65,
      "name": "Sentinel",
      "alttext": ""
    }
  },
  {
    "model": "rpg.level",
    "pk": 66,
    "fields": {
      "threshold": 66,
      "name": "Ambassador",
      "alttext": ""
    }
  },
  {
    "model": "rpg.level",
    "pk": 67,
    "fields": {
      "threshold": 67,
      "name": "Guide",
      "alttext": ""
    }
  },
  {
    "model": "rpg.level",
    "pk": 68,
    "fields": {
      "threshold": 68,
      "name": "Pathfinder",
      "alttext": ""
    }
  },
  {
    "model": "rpg.level",
    "pk": 69,
    "fields": {
      "threshold": 69,
      "name": "Leader",
      "alttext": ""
    }
  },
  {
    "model": "rpg.level",
    "pk": 70,
    "fields": {
      "threshold": 70,
      "name": "Visionary",
      "alttext": ""
    }
  },
  {
    "model": "rpg.level",
    "pk": 71,
    "fields": {
      "threshold": 71,
      "name": "Evoker",
      "alttext": ""
    }
  },
  {
    "model": "rpg.level",
    "pk": 72,
    "fields": {
      "threshold": 72,
      "name": "Seer",
      "alttext": ""
    }
  },
  {
    "model": "rpg.level",
    "pk": 73,
    "fields": {
      "threshold": 73,
      "name": "Conjurer",
      "alttext": ""
    }
  },
  {
    "model": "rpg.level",
    "pk": 74,
    "fields": {
      "threshold": 74,
      "name": "Theurgist",
      "alttext": ""
    }
  },
  {
    "model": "rpg.level",
    "pk": 75,
    "fields": {
      "threshold": 75,
      "name": "Arcanist",
      "alttext": ""
    }
  },
  {
    "model": "rpg.level",
    "pk": 76,
    "fields": {
      "threshold": 76,
      "name": "Magician",
      "alttext": ""
    }
  },
  {
    "model": "rpg.level",
    "pk": 77,
    "fields": {
      "threshold": 77,
      "name": "Spellcaster",
      "alttext": ""
    }
  },
  {
    "model": "rpg.level",
    "pk": 78,
    "fields": {
      "threshold": 78,
      "name": "Sorcerer",
      "alttext": ""
    }
  },
  {
    "model": "rpg.level",
    "pk": 79,
    "fields": {
      "threshold": 79,
      "name": "Necromancer",
      "alttext": ""
    }
  },
  {
    "model": "rpg.level",
    "pk": 80,
    "fields": {
      "threshold": 80,
      "name": "Enchanter",
      "alttext": ""
    }
  },
  {
    "model": "rpg.level",
    "pk": 81,
    "fields": {
      "threshold": 81,
      "name": "Phantasmist",
      "alttext": ""
    }
  },
  {
    "model": "rpg.level",
    "pk": 82,
    "fields": {
      "threshold": 82,
      "name": "Apparitionist",
      "alttext": ""
    }
  },
  {
    "model": "rpg.level",
    "pk": 83,
    "fields": {
      "threshold": 83,
      "name": "Spellbinder",
      "alttext": ""
    }
  },
  {
    "model": "rpg.level",
    "pk": 84,
    "fields": {
      "threshold": 84,
      "name": "Illusionist",
      "alttext": ""
    }
  },
  {
    "model": "rpg.level",
    "pk": 85,
    "fields": {
      "threshold": 85,
      "name": "Superhuman",
      "alttext": ""
    }
  },
  {
    "model": "rpg.level",
    "pk": 86,
    "fields": {
      "threshold": 86,
      "name": "Demonlord",
      "alttext": ""
    }
  },
  {
    "model": "rpg.level",
    "pk": 87,
    "fields": {
      "threshold": 87,
      "name": "Disciple of the Unknown",
      "alttext": ""
    }
  },
  {
    "model": "rpg.level",
    "pk": 88,
    "fields": {
      "threshold": 88,
      "name": "Scholar of the Unknown",
      "alttext": ""
    }
  },
  {
    "model": "rpg.level",
    "pk": 89,
    "fields": {
      "threshold": 89,
      "name": "Erudite of the Unknown",
      "alttext": ""
    }
  },
  {
    "model": "rpg.level",
    "pk": 90,
    "fields": {
      "threshold": 90,
      "name": "Expert of the Unknown",
      "alttext": ""
    }
  },
  {
    "model": "rpg.level",
    "pk": 91,
    "fields": {
      "threshold": 91,
      "name": "Master of East Wind",
      "alttext": ""
    }
  },
  {
    "model": "rpg.level",
    "pk": 92,
    "fields": {
      "threshold": 92,
      "name": "Master of North Wind",
      "alttext": ""
    }
  },
  {
    "model": "rpg.level",
    "pk": 93,
    "fields": {
      "threshold": 93,
      "name": "Master of West Wind",
      "alttext": ""
    }
  },
  {
    "model": "rpg.level",
    "pk": 94,
    "fields": {
      "threshold": 94,
      "name": "Master of South Wind",
      "alttext": ""
    }
  },
  {
    "model": "rpg.level",
    "pk": 95,
    "fields": {
      "threshold": 95,
      "name": "Master of Spring",
      "alttext": ""
    }
  },
  {
    "model": "rpg.level",
    "pk": 96,
    "fields": {
      "threshold": 96,
      "name": "Master of Summer",
      "alttext": ""
    }
  },
  {
    "model": "rpg.level",
    "pk": 97,
    "fields": {
      "threshold": 97,
      "name": "Master of Autumn",
      "alttext": ""
    }
  },
  {
    "model": "rpg.level",
    "pk": 98,
    "fields": {
      "threshold": 98,
      "name": "Master of Winter",
      "alttext": ""
    }
  },
  {
    "model": "rpg.level",
    "pk": 99,
    "fields": {
      "threshold": 99,
      "name": "???",
      "alttext": ""
    }
  },
  {
    "model": "rpg.level",
    "pk": 100,
    "fields": {
      "threshold": 100,
      "name": "Grand Master",
      "alttext": ""
    }
  },
  {
    "model": "rpg.achievementunlock",
    "pk": 1,
    "fields": {
      "user": 3,
      "achievement": 3,
      "timestamp": "2023-08-26T06:41:08.407Z"
    }
  },
  {
    "model": "rpg.achievementunlock",
    "pk": 2,
    "fields": {
      "user": 4,
      "achievement": 1,
      "timestamp": "2023-08-26T06:41:08.407Z"
    }
  },
  {
    "model": "rpg.achievementunlock",
    "pk": 3,
    "fields": {
      "user": 5,
      "achievement": 4,
      "timestamp": "2023-08-26T06:41:08.407Z"
    }
  },
  {
    "model": "rpg.achievementunlock",
    "pk": 4,
    "fields": {
      "user": 5,
      "achievement": 2,
      "timestamp": "2023-08-26T06:41:08.407Z"
    }
  },
  {
    "model": "rpg.achievementunlock",
    "pk": 5,
    "fields": {
      "user": 7,
      "achievement": 1,
      "timestamp": "2023-08-26T06:41:08.407Z"
    }
  },
  {
    "model": "rpg.achievementunlock",
    "pk": 6,
    "fields": {
      "user": 9,
      "achievement": 5,
      "timestamp": "2023-08-26T06:41:08.407Z"
    }
  },
  {
    "model": "rpg.achievementunlock",
    "pk": 7,
    "fields": {
      "user": 9,
      "achievement": 3,
      "timestamp": "2023-08-26T06:41:08.407Z"
    }
  },
  {
    "model": "rpg.achievementunlock",
    "pk": 8,
    "fields": {
      "user": 10,
      "achievement": 1,
      "timestamp": "2023-08-26T06:41:08.407Z"
    }
  },
  {
    "model": "rpg.achievementunlock",
    "pk": 9,
    "fields": {
      "user": 11,
      "achievement": 3,
      "timestamp": "2023-08-26T06:41:08.407Z"
    }
  },
  {
    "model": "rpg.achievementunlock",
    "pk": 10,
    "fields": {
      "user": 11,
      "achievement": 5,
      "timestamp": "2023-08-26T06:41:08.407Z"
    }
  },
  {
    "model": "rpg.achievementunlock",
    "pk": 11,
    "fields": {
      "user": 13,
      "achievement": 3,
      "timestamp": "2023-08-26T06:41:08.407Z"
    }
  },
  {
    "model": "rpg.achievementunlock",
    "pk": 12,
    "fields": {
      "user": 14,
      "achievement": 5,
      "timestamp": "2023-08-26T06:41:08.407Z"
    }
  },
  {
    "model": "rpg.achievementunlock",
    "pk": 13,
    "fields": {
      "user": 14,
      "achievement": 3,
      "timestamp": "2023-08-26T06:41:08.407Z"
    }
  },
  {
    "model": "rpg.achievementunlock",
    "pk": 14,
    "fields": {
      "user": 15,
      "achievement": 2,
      "timestamp": "2023-08-26T06:41:08.407Z"
    }
  },
  {
    "model": "rpg.achievementunlock",
    "pk": 15,
    "fields": {
      "user": 17,
      "achievement": 5,
      "timestamp": "2023-08-26T06:41:08.407Z"
    }
  },
  {
    "model": "rpg.achievementunlock",
    "pk": 16,
    "fields": {
      "user": 18,
      "achievement": 3,
      "timestamp": "2023-08-26T06:41:08.407Z"
    }
  },
  {
    "model": "rpg.achievementunlock",
    "pk": 17,
    "fields": {
      "user": 18,
      "achievement": 5,
      "timestamp": "2023-08-26T06:41:08.407Z"
    }
  },
  {
    "model": "rpg.achievementunlock",
    "pk": 18,
    "fields": {
      "user": 19,
      "achievement": 1,
      "timestamp": "2023-08-26T06:41:08.407Z"
    }
  },
  {
    "model": "rpg.achievementunlock",
    "pk": 19,
    "fields": {
      "user": 19,
      "achievement": 2,
      "timestamp": "2023-08-26T06:41:08.407Z"
    }
  },
  {
    "model": "rpg.achievementunlock",
    "pk": 20,
    "fields": {
      "user": 20,
      "achievement": 1,
      "timestamp": "2023-08-26T06:41:08.407Z"
    }
  },
  {
    "model": "rpg.achievementunlock",
    "pk": 21,
    "fields": {
      "user": 21,
      "achievement": 1,
      "timestamp": "2023-08-26T06:41:08.407Z"
    }
  },
  {
    "model": "rpg.achievementunlock",
    "pk": 22,
    "fields": {
      "user": 21,
      "achievement": 5,
      "timestamp": "2023-08-26T06:41:08.407Z"
    }
  },
  {
    "model": "rpg.achievementunlock",
    "pk": 23,
    "fields": {
      "user": 22,
      "achievement": 2,
      "timestamp": "2023-08-26T06:41:08.407Z"
    }
  },
  {
    "model": "rpg.questcomplete",
    "pk": 1,
    "fields": {
      "student": 9,
      "title": "Higher education careers adviser",
      "spades": 5,
      "timestamp": "2023-08-26T06:41:11.635Z",
      "category": "MS"
    }
  },
  {
    "model": "rpg.questcomplete",
    "pk": 2,
    "fields": {
      "student": 9,
      "title": "Publishing rights manager",
      "spades": 3,
      "timestamp": "2023-08-26T06:41:11.635Z",
      "category": "MS"
    }
  },
  {
    "model": "rpg.questcomplete",
    "pk": 3,
    "fields": {
      "student": 13,
      "title": "Academic librarian",
      "spades": 3,
      "timestamp": "2023-08-26T06:41:11.635Z",
      "category": "MS"
    }
  },
  {
    "model": "rpg.questcomplete",
    "pk": 4,
    "fields": {
      "student": 13,
      "title": "Geneticist, molecular",
      "spades": 6,
      "timestamp": "2023-08-26T06:41:11.635Z",
      "category": "MS"
    }
  },
  {
    "model": "rpg.questcomplete",
    "pk": 5,
    "fields": {
      "student": 15,
      "title": "Insurance broker",
      "spades": 7,
      "timestamp": "2023-08-26T06:41:11.635Z",
      "category": "MS"
    }
  },
  {
    "model": "rpg.questcomplete",
    "pk": 6,
    "fields": {
      "student": 15,
      "title": "Armed forces logistics/support/administrative officer",
      "spades": 2,
      "timestamp": "2023-08-26T06:41:11.635Z",
      "category": "MS"
    }
  },
  {
    "model": "rpg.questcomplete",
    "pk": 7,
    "fields": {
      "student": 17,
      "title": "Occupational hygienist",
      "spades": 6,
      "timestamp": "2023-08-26T06:41:15.835Z",
      "category": "MS"
    }
  },
  {
    "model": "rpg.questcomplete",
    "pk": 8,
    "fields": {
      "student": 18,
      "title": "Biomedical engineer",
      "spades": 4,
      "timestamp": "2023-08-26T06:41:15.835Z",
      "category": "MS"
    }
  },
  {
    "model": "rpg.questcomplete",
    "pk": 9,
    "fields": {
      "student": 20,
      "title": "Psychologist, prison and probation services",
      "spades": 5,
      "timestamp": "2023-08-26T06:41:15.835Z",
      "category": "MS"
    }
  },
  {
    "model": "rpg.questcomplete",
    "pk": 10,
    "fields": {
      "student": 21,
      "title": "Air broker",
      "spades": 9,
      "timestamp": "2023-08-26T06:41:15.835Z",
      "category": "MS"
    }
  },
  {
    "model": "rpg.questcomplete",
    "pk": 11,
    "fields": {
      "student": 21,
      "title": "Building services engineer",
      "spades": 9,
      "timestamp": "2023-08-26T06:41:15.835Z",
      "category": "MS"
    }
  },
  {
    "model": "rpg.questcomplete",
    "pk": 12,
    "fields": {
      "student": 27,
      "title": "Risk manager",
      "spades": 9,
      "timestamp": "2023-08-26T06:41:15.835Z",
      "category": "MS"
    }
  },
  {
    "model": "rpg.questcomplete",
    "pk": 13,
    "fields": {
      "student": 27,
      "title": "Engineer, automotive",
      "spades": 2,
      "timestamp": "2023-08-26T06:41:15.835Z",
      "category": "MS"
    }
  },
  {
    "model": "rpg.questcomplete",
    "pk": 14,
    "fields": {
      "student": 28,
      "title": "Advertising art director",
      "spades": 7,
      "timestamp": "2023-08-26T06:41:15.835Z",
      "category": "MS"
    }
  },
  {
    "model": "rpg.questcomplete",
    "pk": 15,
    "fields": {
      "student": 28,
      "title": "Horticulturist, amenity",
      "spades": 7,
      "timestamp": "2023-08-26T06:41:15.835Z",
      "category": "MS"
    }
  },
  {
    "model": "suggestions.problemsuggestion",
    "pk": 1,
    "fields": {
      "user": 1,
      "unit": 135,
      "weight": 2,
      "source": "Ford, Dorsey and Orr",
      "description": "Turn school nor meet child western rest before.",
      "hyperlink": "",
      "statement": "System child choice scientist.",
      "solution": "Garden image free in include on from. Both open at two.",
      "comments": "",
      "acknowledge": true,
      "staff_comments": "",
      "status": "SUGG_NEW",
      "eligible": true,
      "created_at": "2023-08-26T06:41:08.501Z",
      "updated_at": "2023-08-26T06:41:08.501Z"
    }
  },
  {
    "model": "suggestions.problemsuggestion",
    "pk": 2,
    "fields": {
      "user": 7,
      "unit": 147,
      "weight": 2,
      "source": "Jackson-Walker",
      "description": "Last start total so site million. Five all indeed gun.\nPass candidate yeah wait. Dream down build something. Design able box another mother memory. Create north body thank later appear.",
      "hyperlink": "",
      "statement": "Offer instead theory movement more.",
      "solution": "Activity avoid radio.",
      "comments": "",
      "acknowledge": true,
      "staff_comments": "",
      "status": "SUGG_NEW",
      "eligible": true,
      "created_at": "2023-08-26T06:41:08.501Z",
      "updated_at": "2023-08-26T06:41:08.501Z"
    }
  },
  {
    "model": "suggestions.problemsuggestion",
    "pk": 3,
    "fields": {
      "user": 9,
      "unit": 43,
      "weight": 2,
      "source": "Benitez Group",
      "description": "Cultural professional painting with according. Similar walk line go almost. Give back sense difference court race.\nArgue represent among cut though cup role. Data truth similar side teach provide.",
      "hyperlink": "",
      "statement": "Food father simple.",
      "solution": "Data line according expect ball. Line daughter daughter drug sign charge left.",
      "comments": "",
      "acknowledge": true,
      "staff_comments": "",
      "status": "SUGG_NEW",
      "eligible": true,
      "created_at": "2023-08-26T06:41:08.501Z",
      "updated_at": "2023-08-26T06:41:08.501Z"
    }
  },
  {
    "model": "suggestions.problemsuggestion",
    "pk": 4,
    "fields": {
      "user": 10,
      "unit": 164,
      "weight": 5,
      "source": "Davis PLC",
      "description": "Eat better chair man. Become manage full sit health customer effect. Enough senior suffer million last.\nBefore who table force become act. Our benefit several lot.\nYet figure imagine form.",
      "hyperlink": "",
      "statement": "Enough democratic fill question save picture send.",
      "solution": "Reality catch because memory. History call look by.",
      "comments": "",
      "acknowledge": true,
      "staff_comments": "",
      "status": "SUGG_NEW",
      "eligible": true,
      "created_at": "2023-08-26T06:41:08.501Z",
      "updated_at": "2023-08-26T06:41:08.501Z"
    }
  },
  {
    "model": "suggestions.problemsuggestion",
    "pk": 5,
    "fields": {
      "user": 14,
      "unit": 154,
      "weight": 2,
      "source": "Miller Group",
      "description": "While clear picture tell. True choose wide federal assume. Building finally page different try.",
      "hyperlink": "",
      "statement": "Great hope coach well.",
      "solution": "School radio reality field law west item. Method represent free they contain forget each until. Mind actually example score professional.",
      "comments": "",
      "acknowledge": true,
      "staff_comments": "",
      "status": "SUGG_NEW",
      "eligible": true,
      "created_at": "2023-08-26T06:41:08.501Z",
      "updated_at": "2023-08-26T06:41:08.501Z"
    }
  },
  {
    "model": "suggestions.problemsuggestion",
    "pk": 6,
    "fields": {
      "user": 15,
      "unit": 16,
      "weight": 3,
      "source": "Wallace Ltd",
      "description": "Mention future throughout full person her reason. Simply road share low none skin cultural.\nRole our than information. Position still kitchen. Player go fish question should argue.",
      "hyperlink": "",
      "statement": "One bank development say central art hear.",
      "solution": "Range drug seek treatment.",
      "comments": "",
      "acknowledge": true,
      "staff_comments": "",
      "status": "SUGG_NEW",
      "eligible": true,
      "created_at": "2023-08-26T06:41:08.501Z",
      "updated_at": "2023-08-26T06:41:08.501Z"
    }
  },
  {
    "model": "suggestions.problemsuggestion",
    "pk": 7,
    "fields": {
      "user": 16,
      "unit": 23,
      "weight": 5,
      "source": "Francis-Olsen",
      "description": "Since actually trial. Bit behind financial subject my. Machine side toward. Difficult wonder every customer final seat.",
      "hyperlink": "",
      "statement": "Raise simple new learn total produce listen scientist.",
      "solution": "Produce minute program big individual him method quickly. Capital join point room office.",
      "comments": "",
      "acknowledge": true,
      "staff_comments": "",
      "status": "SUGG_NEW",
      "eligible": true,
      "created_at": "2023-08-26T06:41:08.501Z",
      "updated_at": "2023-08-26T06:41:08.501Z"
    }
  },
  {
    "model": "suggestions.problemsuggestion",
    "pk": 8,
    "fields": {
      "user": 21,
      "unit": 41,
      "weight": 9,
      "source": "White-Acevedo",
      "description": "Fear reason draw window pressure speech word. Population quality free friend ability some floor structure. Address treat eat down.",
      "hyperlink": "",
      "statement": "Sound hope so.",
      "solution": "Sea ahead seven young member. Upon seat close development before believe. Well nor wrong role science series artist.",
      "comments": "",
      "acknowledge": true,
      "staff_comments": "",
      "status": "SUGG_NEW",
      "eligible": true,
      "created_at": "2023-08-26T06:41:08.501Z",
      "updated_at": "2023-08-26T06:41:08.501Z"
    }
  },
  {
    "model": "auth.permission",
    "pk": 1,
    "fields": {
      "name": "Can add problem",
      "content_type": 1,
      "codename": "add_problem"
    }
  },
  {
    "model": "auth.permission",
    "pk": 2,
    "fields": {
      "name": "Can change problem",
      "content_type": 1,
      "codename": "change_problem"
    }
  },
  {
    "model": "auth.permission",
    "pk": 3,
    "fields": {
      "name": "Can delete problem",
      "content_type": 1,
      "codename": "delete_problem"
    }
  },
  {
    "model": "auth.permission",
    "pk": 4,
    "fields": {
      "name": "Can view problem",
      "content_type": 1,
      "codename": "view_problem"
    }
  },
  {
    "model": "auth.permission",
    "pk": 5,
    "fields": {
      "name": "Can add hint",
      "content_type": 2,
      "codename": "add_hint"
    }
  },
  {
    "model": "auth.permission",
    "pk": 6,
    "fields": {
      "name": "Can change hint",
      "content_type": 2,
      "codename": "change_hint"
    }
  },
  {
    "model": "auth.permission",
    "pk": 7,
    "fields": {
      "name": "Can delete hint",
      "content_type": 2,
      "codename": "delete_hint"
    }
  },
  {
    "model": "auth.permission",
    "pk": 8,
    "fields": {
      "name": "Can view hint",
      "content_type": 2,
      "codename": "view_hint"
    }
  },
  {
    "model": "auth.permission",
    "pk": 9,
    "fields": {
      "name": "Can add vote",
      "content_type": 3,
      "codename": "add_vote"
    }
  },
  {
    "model": "auth.permission",
    "pk": 10,
    "fields": {
      "name": "Can change vote",
      "content_type": 3,
      "codename": "change_vote"
    }
  },
  {
    "model": "auth.permission",
    "pk": 11,
    "fields": {
      "name": "Can delete vote",
      "content_type": 3,
      "codename": "delete_vote"
    }
  },
  {
    "model": "auth.permission",
    "pk": 12,
    "fields": {
      "name": "Can view vote",
      "content_type": 3,
      "codename": "view_vote"
    }
  },
  {
    "model": "auth.permission",
    "pk": 13,
    "fields": {
      "name": "Can add unit group",
      "content_type": 4,
      "codename": "add_unitgroup"
    }
  },
  {
    "model": "auth.permission",
    "pk": 14,
    "fields": {
      "name": "Can change unit group",
      "content_type": 4,
      "codename": "change_unitgroup"
    }
  },
  {
    "model": "auth.permission",
    "pk": 15,
    "fields": {
      "name": "Can delete unit group",
      "content_type": 4,
      "codename": "delete_unitgroup"
    }
  },
  {
    "model": "auth.permission",
    "pk": 16,
    "fields": {
      "name": "Can view unit group",
      "content_type": 4,
      "codename": "view_unitgroup"
    }
  },
  {
    "model": "auth.permission",
    "pk": 17,
    "fields": {
      "name": "Can add unit",
      "content_type": 5,
      "codename": "add_unit"
    }
  },
  {
    "model": "auth.permission",
    "pk": 18,
    "fields": {
      "name": "Can change unit",
      "content_type": 5,
      "codename": "change_unit"
    }
  },
  {
    "model": "auth.permission",
    "pk": 19,
    "fields": {
      "name": "Can delete unit",
      "content_type": 5,
      "codename": "delete_unit"
    }
  },
  {
    "model": "auth.permission",
    "pk": 20,
    "fields": {
      "name": "Can view unit",
      "content_type": 5,
      "codename": "view_unit"
    }
  },
  {
    "model": "auth.permission",
    "pk": 21,
    "fields": {
      "name": "Can add semester",
      "content_type": 6,
      "codename": "add_semester"
    }
  },
  {
    "model": "auth.permission",
    "pk": 22,
    "fields": {
      "name": "Can change semester",
      "content_type": 6,
      "codename": "change_semester"
    }
  },
  {
    "model": "auth.permission",
    "pk": 23,
    "fields": {
      "name": "Can delete semester",
      "content_type": 6,
      "codename": "delete_semester"
    }
  },
  {
    "model": "auth.permission",
    "pk": 24,
    "fields": {
      "name": "Can view semester",
      "content_type": 6,
      "codename": "view_semester"
    }
  },
  {
    "model": "auth.permission",
    "pk": 25,
    "fields": {
      "name": "Can add user profile",
      "content_type": 7,
      "codename": "add_userprofile"
    }
  },
  {
    "model": "auth.permission",
    "pk": 26,
    "fields": {
      "name": "Can change user profile",
      "content_type": 7,
      "codename": "change_userprofile"
    }
  },
  {
    "model": "auth.permission",
    "pk": 27,
    "fields": {
      "name": "Can delete user profile",
      "content_type": 7,
      "codename": "delete_userprofile"
    }
  },
  {
    "model": "auth.permission",
    "pk": 28,
    "fields": {
      "name": "Can view user profile",
      "content_type": 7,
      "codename": "view_userprofile"
    }
  },
  {
    "model": "auth.permission",
    "pk": 29,
    "fields": {
      "name": "Can add uploaded file",
      "content_type": 8,
      "codename": "add_uploadedfile"
    }
  },
  {
    "model": "auth.permission",
    "pk": 30,
    "fields": {
      "name": "Can change uploaded file",
      "content_type": 8,
      "codename": "change_uploadedfile"
    }
  },
  {
    "model": "auth.permission",
    "pk": 31,
    "fields": {
      "name": "Can delete uploaded file",
      "content_type": 8,
      "codename": "delete_uploadedfile"
    }
  },
  {
    "model": "auth.permission",
    "pk": 32,
    "fields": {
      "name": "Can view uploaded file",
      "content_type": 8,
      "codename": "view_uploadedfile"
    }
  },
  {
    "model": "auth.permission",
    "pk": 33,
    "fields": {
      "name": "Can add semester download file",
      "content_type": 9,
      "codename": "add_semesterdownloadfile"
    }
  },
  {
    "model": "auth.permission",
    "pk": 34,
    "fields": {
      "name": "Can change semester download file",
      "content_type": 9,
      "codename": "change_semesterdownloadfile"
    }
  },
  {
    "model": "auth.permission",
    "pk": 35,
    "fields": {
      "name": "Can delete semester download file",
      "content_type": 9,
      "codename": "delete_semesterdownloadfile"
    }
  },
  {
    "model": "auth.permission",
    "pk": 36,
    "fields": {
      "name": "Can view semester download file",
      "content_type": 9,
      "codename": "view_semesterdownloadfile"
    }
  },
  {
    "model": "auth.permission",
    "pk": 37,
    "fields": {
      "name": "Can add PSet submission",
      "content_type": 10,
      "codename": "add_pset"
    }
  },
  {
    "model": "auth.permission",
    "pk": 38,
    "fields": {
      "name": "Can change PSet submission",
      "content_type": 10,
      "codename": "change_pset"
    }
  },
  {
    "model": "auth.permission",
    "pk": 39,
    "fields": {
      "name": "Can delete PSet submission",
      "content_type": 10,
      "codename": "delete_pset"
    }
  },
  {
    "model": "auth.permission",
    "pk": 40,
    "fields": {
      "name": "Can view PSet submission",
      "content_type": 10,
      "codename": "view_pset"
    }
  },
  {
    "model": "auth.permission",
    "pk": 41,
    "fields": {
      "name": "Can add practice exam",
      "content_type": 11,
      "codename": "add_practiceexam"
    }
  },
  {
    "model": "auth.permission",
    "pk": 42,
    "fields": {
      "name": "Can change practice exam",
      "content_type": 11,
      "codename": "change_practiceexam"
    }
  },
  {
    "model": "auth.permission",
    "pk": 43,
    "fields": {
      "name": "Can delete practice exam",
      "content_type": 11,
      "codename": "delete_practiceexam"
    }
  },
  {
    "model": "auth.permission",
    "pk": 44,
    "fields": {
      "name": "Can view practice exam",
      "content_type": 11,
      "codename": "view_practiceexam"
    }
  },
  {
    "model": "auth.permission",
    "pk": 45,
    "fields": {
      "name": "Can add exam attempt",
      "content_type": 12,
      "codename": "add_examattempt"
    }
  },
  {
    "model": "auth.permission",
    "pk": 46,
    "fields": {
      "name": "Can change exam attempt",
      "content_type": 12,
      "codename": "change_examattempt"
    }
  },
  {
    "model": "auth.permission",
    "pk": 47,
    "fields": {
      "name": "Can delete exam attempt",
      "content_type": 12,
      "codename": "delete_examattempt"
    }
  },
  {
    "model": "auth.permission",
    "pk": 48,
    "fields": {
      "name": "Can view exam attempt",
      "content_type": 12,
      "codename": "view_examattempt"
    }
  },
  {
    "model": "auth.permission",
    "pk": 49,
    "fields": {
      "name": "Can add mock completed",
      "content_type": 13,
      "codename": "add_mockcompleted"
    }
  },
  {
    "model": "auth.permission",
    "pk": 50,
    "fields": {
      "name": "Can change mock completed",
      "content_type": 13,
      "codename": "change_mockcompleted"
    }
  },
  {
    "model": "auth.permission",
    "pk": 51,
    "fields": {
      "name": "Can delete mock completed",
      "content_type": 13,
      "codename": "delete_mockcompleted"
    }
  },
  {
    "model": "auth.permission",
    "pk": 52,
    "fields": {
      "name": "Can view mock completed",
      "content_type": 13,
      "codename": "view_mockcompleted"
    }
  },
  {
    "model": "auth.permission",
    "pk": 53,
    "fields": {
      "name": "Can add hanabi contest",
      "content_type": 14,
      "codename": "add_hanabicontest"
    }
  },
  {
    "model": "auth.permission",
    "pk": 54,
    "fields": {
      "name": "Can change hanabi contest",
      "content_type": 14,
      "codename": "change_hanabicontest"
    }
  },
  {
    "model": "auth.permission",
    "pk": 55,
    "fields": {
      "name": "Can delete hanabi contest",
      "content_type": 14,
      "codename": "delete_hanabicontest"
    }
  },
  {
    "model": "auth.permission",
    "pk": 56,
    "fields": {
      "name": "Can view hanabi contest",
      "content_type": 14,
      "codename": "view_hanabicontest"
    }
  },
  {
    "model": "auth.permission",
    "pk": 57,
    "fields": {
      "name": "Can add hanabi replay",
      "content_type": 15,
      "codename": "add_hanabireplay"
    }
  },
  {
    "model": "auth.permission",
    "pk": 58,
    "fields": {
      "name": "Can change hanabi replay",
      "content_type": 15,
      "codename": "change_hanabireplay"
    }
  },
  {
    "model": "auth.permission",
    "pk": 59,
    "fields": {
      "name": "Can delete hanabi replay",
      "content_type": 15,
      "codename": "delete_hanabireplay"
    }
  },
  {
    "model": "auth.permission",
    "pk": 60,
    "fields": {
      "name": "Can view hanabi replay",
      "content_type": 15,
      "codename": "view_hanabireplay"
    }
  },
  {
    "model": "auth.permission",
    "pk": 61,
    "fields": {
      "name": "Can add hanabi player",
      "content_type": 16,
      "codename": "add_hanabiplayer"
    }
  },
  {
    "model": "auth.permission",
    "pk": 62,
    "fields": {
      "name": "Can change hanabi player",
      "content_type": 16,
      "codename": "change_hanabiplayer"
    }
  },
  {
    "model": "auth.permission",
    "pk": 63,
    "fields": {
      "name": "Can delete hanabi player",
      "content_type": 16,
      "codename": "delete_hanabiplayer"
    }
  },
  {
    "model": "auth.permission",
    "pk": 64,
    "fields": {
      "name": "Can view hanabi player",
      "content_type": 16,
      "codename": "view_hanabiplayer"
    }
  },
  {
    "model": "auth.permission",
    "pk": 65,
    "fields": {
      "name": "Can add hanabi participation",
      "content_type": 17,
      "codename": "add_hanabiparticipation"
    }
  },
  {
    "model": "auth.permission",
    "pk": 66,
    "fields": {
      "name": "Can change hanabi participation",
      "content_type": 17,
      "codename": "change_hanabiparticipation"
    }
  },
  {
    "model": "auth.permission",
    "pk": 67,
    "fields": {
      "name": "Can delete hanabi participation",
      "content_type": 17,
      "codename": "delete_hanabiparticipation"
    }
  },
  {
    "model": "auth.permission",
    "pk": 68,
    "fields": {
      "name": "Can view hanabi participation",
      "content_type": 17,
      "codename": "view_hanabiparticipation"
    }
  },
  {
    "model": "auth.permission",
    "pk": 69,
    "fields": {
      "name": "Can add market",
      "content_type": 18,
      "codename": "add_market"
    }
  },
  {
    "model": "auth.permission",
    "pk": 70,
    "fields": {
      "name": "Can change market",
      "content_type": 18,
      "codename": "change_market"
    }
  },
  {
    "model": "auth.permission",
    "pk": 71,
    "fields": {
      "name": "Can delete market",
      "content_type": 18,
      "codename": "delete_market"
    }
  },
  {
    "model": "auth.permission",
    "pk": 72,
    "fields": {
      "name": "Can view market",
      "content_type": 18,
      "codename": "view_market"
    }
  },
  {
    "model": "auth.permission",
    "pk": 73,
    "fields": {
      "name": "Can add guess",
      "content_type": 19,
      "codename": "add_guess"
    }
  },
  {
    "model": "auth.permission",
    "pk": 74,
    "fields": {
      "name": "Can change guess",
      "content_type": 19,
      "codename": "change_guess"
    }
  },
  {
    "model": "auth.permission",
    "pk": 75,
    "fields": {
      "name": "Can delete guess",
      "content_type": 19,
      "codename": "delete_guess"
    }
  },
  {
    "model": "auth.permission",
    "pk": 76,
    "fields": {
      "name": "Can view guess",
      "content_type": 19,
      "codename": "view_guess"
    }
  },
  {
    "model": "auth.permission",
    "pk": 77,
    "fields": {
      "name": "Can add opal hunt",
      "content_type": 20,
      "codename": "add_opalhunt"
    }
  },
  {
    "model": "auth.permission",
    "pk": 78,
    "fields": {
      "name": "Can change opal hunt",
      "content_type": 20,
      "codename": "change_opalhunt"
    }
  },
  {
    "model": "auth.permission",
    "pk": 79,
    "fields": {
      "name": "Can delete opal hunt",
      "content_type": 20,
      "codename": "delete_opalhunt"
    }
  },
  {
    "model": "auth.permission",
    "pk": 80,
    "fields": {
      "name": "Can view opal hunt",
      "content_type": 20,
      "codename": "view_opalhunt"
    }
  },
  {
    "model": "auth.permission",
    "pk": 81,
    "fields": {
      "name": "Can add assistant",
      "content_type": 21,
      "codename": "add_assistant"
    }
  },
  {
    "model": "auth.permission",
    "pk": 82,
    "fields": {
      "name": "Can change assistant",
      "content_type": 21,
      "codename": "change_assistant"
    }
  },
  {
    "model": "auth.permission",
    "pk": 83,
    "fields": {
      "name": "Can delete assistant",
      "content_type": 21,
      "codename": "delete_assistant"
    }
  },
  {
    "model": "auth.permission",
    "pk": 84,
    "fields": {
      "name": "Can view assistant",
      "content_type": 21,
      "codename": "view_assistant"
    }
  },
  {
    "model": "auth.permission",
    "pk": 85,
    "fields": {
      "name": "Can add student",
      "content_type": 22,
      "codename": "add_student"
    }
  },
  {
    "model": "auth.permission",
    "pk": 86,
    "fields": {
      "name": "Can change student",
      "content_type": 22,
      "codename": "change_student"
    }
  },
  {
    "model": "auth.permission",
    "pk": 87,
    "fields": {
      "name": "Can delete student",
      "content_type": 22,
      "codename": "delete_student"
    }
  },
  {
    "model": "auth.permission",
    "pk": 88,
    "fields": {
      "name": "Can view student",
      "content_type": 22,
      "codename": "view_student"
    }
  },
  {
    "model": "auth.permission",
    "pk": 89,
    "fields": {
      "name": "Can add registration container",
      "content_type": 23,
      "codename": "add_registrationcontainer"
    }
  },
  {
    "model": "auth.permission",
    "pk": 90,
    "fields": {
      "name": "Can change registration container",
      "content_type": 23,
      "codename": "change_registrationcontainer"
    }
  },
  {
    "model": "auth.permission",
    "pk": 91,
    "fields": {
      "name": "Can delete registration container",
      "content_type": 23,
      "codename": "delete_registrationcontainer"
    }
  },
  {
    "model": "auth.permission",
    "pk": 92,
    "fields": {
      "name": "Can view registration container",
      "content_type": 23,
      "codename": "view_registrationcontainer"
    }
  },
  {
    "model": "auth.permission",
    "pk": 93,
    "fields": {
      "name": "Can add student registration",
      "content_type": 24,
      "codename": "add_studentregistration"
    }
  },
  {
    "model": "auth.permission",
    "pk": 94,
    "fields": {
      "name": "Can change student registration",
      "content_type": 24,
      "codename": "change_studentregistration"
    }
  },
  {
    "model": "auth.permission",
    "pk": 95,
    "fields": {
      "name": "Can delete student registration",
      "content_type": 24,
      "codename": "delete_studentregistration"
    }
  },
  {
    "model": "auth.permission",
    "pk": 96,
    "fields": {
      "name": "Can view student registration",
      "content_type": 24,
      "codename": "view_studentregistration"
    }
  },
  {
    "model": "auth.permission",
    "pk": 97,
    "fields": {
      "name": "Can add Unit petition",
      "content_type": 25,
      "codename": "add_unitinquiry"
    }
  },
  {
    "model": "auth.permission",
    "pk": 98,
    "fields": {
      "name": "Can change Unit petition",
      "content_type": 25,
      "codename": "change_unitinquiry"
    }
  },
  {
    "model": "auth.permission",
    "pk": 99,
    "fields": {
      "name": "Can delete Unit petition",
      "content_type": 25,
      "codename": "delete_unitinquiry"
    }
  },
  {
    "model": "auth.permission",
    "pk": 100,
    "fields": {
      "name": "Can view Unit petition",
      "content_type": 25,
      "codename": "view_unitinquiry"
    }
  },
  {
    "model": "auth.permission",
    "pk": 101,
    "fields": {
      "name": "Can add invoice",
      "content_type": 26,
      "codename": "add_invoice"
    }
  },
  {
    "model": "auth.permission",
    "pk": 102,
    "fields": {
      "name": "Can change invoice",
      "content_type": 26,
      "codename": "change_invoice"
    }
  },
  {
    "model": "auth.permission",
    "pk": 103,
    "fields": {
      "name": "Can delete invoice",
      "content_type": 26,
      "codename": "delete_invoice"
    }
  },
  {
    "model": "auth.permission",
    "pk": 104,
    "fields": {
      "name": "Can view invoice",
      "content_type": 26,
      "codename": "view_invoice"
    }
  },
  {
    "model": "auth.permission",
    "pk": 105,
    "fields": {
      "name": "Can add achievement",
      "content_type": 27,
      "codename": "add_achievement"
    }
  },
  {
    "model": "auth.permission",
    "pk": 106,
    "fields": {
      "name": "Can change achievement",
      "content_type": 27,
      "codename": "change_achievement"
    }
  },
  {
    "model": "auth.permission",
    "pk": 107,
    "fields": {
      "name": "Can delete achievement",
      "content_type": 27,
      "codename": "delete_achievement"
    }
  },
  {
    "model": "auth.permission",
    "pk": 108,
    "fields": {
      "name": "Can view achievement",
      "content_type": 27,
      "codename": "view_achievement"
    }
  },
  {
    "model": "auth.permission",
    "pk": 109,
    "fields": {
      "name": "Can add bonus level",
      "content_type": 28,
      "codename": "add_bonuslevel"
    }
  },
  {
    "model": "auth.permission",
    "pk": 110,
    "fields": {
      "name": "Can change bonus level",
      "content_type": 28,
      "codename": "change_bonuslevel"
    }
  },
  {
    "model": "auth.permission",
    "pk": 111,
    "fields": {
      "name": "Can delete bonus level",
      "content_type": 28,
      "codename": "delete_bonuslevel"
    }
  },
  {
    "model": "auth.permission",
    "pk": 112,
    "fields": {
      "name": "Can view bonus level",
      "content_type": 28,
      "codename": "view_bonuslevel"
    }
  },
  {
    "model": "auth.permission",
    "pk": 113,
    "fields": {
      "name": "Can add level",
      "content_type": 29,
      "codename": "add_level"
    }
  },
  {
    "model": "auth.permission",
    "pk": 114,
    "fields": {
      "name": "Can change level",
      "content_type": 29,
      "codename": "change_level"
    }
  },
  {
    "model": "auth.permission",
    "pk": 115,
    "fields": {
      "name": "Can delete level",
      "content_type": 29,
      "codename": "delete_level"
    }
  },
  {
    "model": "auth.permission",
    "pk": 116,
    "fields": {
      "name": "Can view level",
      "content_type": 29,
      "codename": "view_level"
    }
  },
  {
    "model": "auth.permission",
    "pk": 117,
    "fields": {
      "name": "Can add quest complete",
      "content_type": 30,
      "codename": "add_questcomplete"
    }
  },
  {
    "model": "auth.permission",
    "pk": 118,
    "fields": {
      "name": "Can change quest complete",
      "content_type": 30,
      "codename": "change_questcomplete"
    }
  },
  {
    "model": "auth.permission",
    "pk": 119,
    "fields": {
      "name": "Can delete quest complete",
      "content_type": 30,
      "codename": "delete_questcomplete"
    }
  },
  {
    "model": "auth.permission",
    "pk": 120,
    "fields": {
      "name": "Can view quest complete",
      "content_type": 30,
      "codename": "view_questcomplete"
    }
  },
  {
    "model": "auth.permission",
    "pk": 121,
    "fields": {
      "name": "Can add palace carving",
      "content_type": 31,
      "codename": "add_palacecarving"
    }
  },
  {
    "model": "auth.permission",
    "pk": 122,
    "fields": {
      "name": "Can change palace carving",
      "content_type": 31,
      "codename": "change_palacecarving"
    }
  },
  {
    "model": "auth.permission",
    "pk": 123,
    "fields": {
      "name": "Can delete palace carving",
      "content_type": 31,
      "codename": "delete_palacecarving"
    }
  },
  {
    "model": "auth.permission",
    "pk": 124,
    "fields": {
      "name": "Can view palace carving",
      "content_type": 31,
      "codename": "view_palacecarving"
    }
  },
  {
    "model": "auth.permission",
    "pk": 125,
    "fields": {
      "name": "Can add bonus level unlock",
      "content_type": 32,
      "codename": "add_bonuslevelunlock"
    }
  },
  {
    "model": "auth.permission",
    "pk": 126,
    "fields": {
      "name": "Can change bonus level unlock",
      "content_type": 32,
      "codename": "change_bonuslevelunlock"
    }
  },
  {
    "model": "auth.permission",
    "pk": 127,
    "fields": {
      "name": "Can delete bonus level unlock",
      "content_type": 32,
      "codename": "delete_bonuslevelunlock"
    }
  },
  {
    "model": "auth.permission",
    "pk": 128,
    "fields": {
      "name": "Can view bonus level unlock",
      "content_type": 32,
      "codename": "view_bonuslevelunlock"
    }
  },
  {
    "model": "auth.permission",
    "pk": 129,
    "fields": {
      "name": "Can add achievement unlock",
      "content_type": 33,
      "codename": "add_achievementunlock"
    }
  },
  {
    "model": "auth.permission",
    "pk": 130,
    "fields": {
      "name": "Can change achievement unlock",
      "content_type": 33,
      "codename": "change_achievementunlock"
    }
  },
  {
    "model": "auth.permission",
    "pk": 131,
    "fields": {
      "name": "Can delete achievement unlock",
      "content_type": 33,
      "codename": "delete_achievementunlock"
    }
  },
  {
    "model": "auth.permission",
    "pk": 132,
    "fields": {
      "name": "Can view achievement unlock",
      "content_type": 33,
      "codename": "view_achievementunlock"
    }
  },
  {
    "model": "auth.permission",
    "pk": 133,
    "fields": {
      "name": "Can add job folder",
      "content_type": 34,
      "codename": "add_jobfolder"
    }
  },
  {
    "model": "auth.permission",
    "pk": 134,
    "fields": {
      "name": "Can change job folder",
      "content_type": 34,
      "codename": "change_jobfolder"
    }
  },
  {
    "model": "auth.permission",
    "pk": 135,
    "fields": {
      "name": "Can delete job folder",
      "content_type": 34,
      "codename": "delete_jobfolder"
    }
  },
  {
    "model": "auth.permission",
    "pk": 136,
    "fields": {
      "name": "Can view job folder",
      "content_type": 34,
      "codename": "view_jobfolder"
    }
  },
  {
    "model": "auth.permission",
    "pk": 137,
    "fields": {
      "name": "Can add worker",
      "content_type": 35,
      "codename": "add_worker"
    }
  },
  {
    "model": "auth.permission",
    "pk": 138,
    "fields": {
      "name": "Can change worker",
      "content_type": 35,
      "codename": "change_worker"
    }
  },
  {
    "model": "auth.permission",
    "pk": 139,
    "fields": {
      "name": "Can delete worker",
      "content_type": 35,
      "codename": "delete_worker"
    }
  },
  {
    "model": "auth.permission",
    "pk": 140,
    "fields": {
      "name": "Can view worker",
      "content_type": 35,
      "codename": "view_worker"
    }
  },
  {
    "model": "auth.permission",
    "pk": 141,
    "fields": {
      "name": "Can add payment log",
      "content_type": 36,
      "codename": "add_paymentlog"
    }
  },
  {
    "model": "auth.permission",
    "pk": 142,
    "fields": {
      "name": "Can change payment log",
      "content_type": 36,
      "codename": "change_paymentlog"
    }
  },
  {
    "model": "auth.permission",
    "pk": 143,
    "fields": {
      "name": "Can delete payment log",
      "content_type": 36,
      "codename": "delete_paymentlog"
    }
  },
  {
    "model": "auth.permission",
    "pk": 144,
    "fields": {
      "name": "Can view payment log",
      "content_type": 36,
      "codename": "view_paymentlog"
    }
  },
  {
    "model": "auth.permission",
    "pk": 145,
    "fields": {
      "name": "Can add job",
      "content_type": 37,
      "codename": "add_job"
    }
  },
  {
    "model": "auth.permission",
    "pk": 146,
    "fields": {
      "name": "Can change job",
      "content_type": 37,
      "codename": "change_job"
    }
  },
  {
    "model": "auth.permission",
    "pk": 147,
    "fields": {
      "name": "Can delete job",
      "content_type": 37,
      "codename": "delete_job"
    }
  },
  {
    "model": "auth.permission",
    "pk": 148,
    "fields": {
      "name": "Can view job",
      "content_type": 37,
      "codename": "view_job"
    }
  },
  {
    "model": "auth.permission",
    "pk": 149,
    "fields": {
      "name": "Can add problem suggestion",
      "content_type": 38,
      "codename": "add_problemsuggestion"
    }
  },
  {
    "model": "auth.permission",
    "pk": 150,
    "fields": {
      "name": "Can change problem suggestion",
      "content_type": 38,
      "codename": "change_problemsuggestion"
    }
  },
  {
    "model": "auth.permission",
    "pk": 151,
    "fields": {
      "name": "Can delete problem suggestion",
      "content_type": 38,
      "codename": "delete_problemsuggestion"
    }
  },
  {
    "model": "auth.permission",
    "pk": 152,
    "fields": {
      "name": "Can view problem suggestion",
      "content_type": 38,
      "codename": "view_problemsuggestion"
    }
  },
  {
    "model": "auth.permission",
    "pk": 153,
    "fields": {
      "name": "Can add log entry",
      "content_type": 39,
      "codename": "add_logentry"
    }
  },
  {
    "model": "auth.permission",
    "pk": 154,
    "fields": {
      "name": "Can change log entry",
      "content_type": 39,
      "codename": "change_logentry"
    }
  },
  {
    "model": "auth.permission",
    "pk": 155,
    "fields": {
      "name": "Can delete log entry",
      "content_type": 39,
      "codename": "delete_logentry"
    }
  },
  {
    "model": "auth.permission",
    "pk": 156,
    "fields": {
      "name": "Can view log entry",
      "content_type": 39,
      "codename": "view_logentry"
    }
  },
  {
    "model": "auth.permission",
    "pk": 157,
    "fields": {
      "name": "Can add permission",
      "content_type": 40,
      "codename": "add_permission"
    }
  },
  {
    "model": "auth.permission",
    "pk": 158,
    "fields": {
      "name": "Can change permission",
      "content_type": 40,
      "codename": "change_permission"
    }
  },
  {
    "model": "auth.permission",
    "pk": 159,
    "fields": {
      "name": "Can delete permission",
      "content_type": 40,
      "codename": "delete_permission"
    }
  },
  {
    "model": "auth.permission",
    "pk": 160,
    "fields": {
      "name": "Can view permission",
      "content_type": 40,
      "codename": "view_permission"
    }
  },
  {
    "model": "auth.permission",
    "pk": 161,
    "fields": {
      "name": "Can add group",
      "content_type": 41,
      "codename": "add_group"
    }
  },
  {
    "model": "auth.permission",
    "pk": 162,
    "fields": {
      "name": "Can change group",
      "content_type": 41,
      "codename": "change_group"
    }
  },
  {
    "model": "auth.permission",
    "pk": 163,
    "fields": {
      "name": "Can delete group",
      "content_type": 41,
      "codename": "delete_group"
    }
  },
  {
    "model": "auth.permission",
    "pk": 164,
    "fields": {
      "name": "Can view group",
      "content_type": 41,
      "codename": "view_group"
    }
  },
  {
    "model": "auth.permission",
    "pk": 165,
    "fields": {
      "name": "Can add user",
      "content_type": 42,
      "codename": "add_user"
    }
  },
  {
    "model": "auth.permission",
    "pk": 166,
    "fields": {
      "name": "Can change user",
      "content_type": 42,
      "codename": "change_user"
    }
  },
  {
    "model": "auth.permission",
    "pk": 167,
    "fields": {
      "name": "Can delete user",
      "content_type": 42,
      "codename": "delete_user"
    }
  },
  {
    "model": "auth.permission",
    "pk": 168,
    "fields": {
      "name": "Can view user",
      "content_type": 42,
      "codename": "view_user"
    }
  },
  {
    "model": "auth.permission",
    "pk": 169,
    "fields": {
      "name": "Can add content type",
      "content_type": 43,
      "codename": "add_contenttype"
    }
  },
  {
    "model": "auth.permission",
    "pk": 170,
    "fields": {
      "name": "Can change content type",
      "content_type": 43,
      "codename": "change_contenttype"
    }
  },
  {
    "model": "auth.permission",
    "pk": 171,
    "fields": {
      "name": "Can delete content type",
      "content_type": 43,
      "codename": "delete_contenttype"
    }
  },
  {
    "model": "auth.permission",
    "pk": 172,
    "fields": {
      "name": "Can view content type",
      "content_type": 43,
      "codename": "view_contenttype"
    }
  },
  {
    "model": "auth.permission",
    "pk": 173,
    "fields": {
      "name": "Can add session",
      "content_type": 44,
      "codename": "add_session"
    }
  },
  {
    "model": "auth.permission",
    "pk": 174,
    "fields": {
      "name": "Can change session",
      "content_type": 44,
      "codename": "change_session"
    }
  },
  {
    "model": "auth.permission",
    "pk": 175,
    "fields": {
      "name": "Can delete session",
      "content_type": 44,
      "codename": "delete_session"
    }
  },
  {
    "model": "auth.permission",
    "pk": 176,
    "fields": {
      "name": "Can view session",
      "content_type": 44,
      "codename": "view_session"
    }
  },
  {
    "model": "auth.permission",
    "pk": 177,
    "fields": {
      "name": "Can add site",
      "content_type": 45,
      "codename": "add_site"
    }
  },
  {
    "model": "auth.permission",
    "pk": 178,
    "fields": {
      "name": "Can change site",
      "content_type": 45,
      "codename": "change_site"
    }
  },
  {
    "model": "auth.permission",
    "pk": 179,
    "fields": {
      "name": "Can delete site",
      "content_type": 45,
      "codename": "delete_site"
    }
  },
  {
    "model": "auth.permission",
    "pk": 180,
    "fields": {
      "name": "Can view site",
      "content_type": 45,
      "codename": "view_site"
    }
  },
  {
    "model": "auth.permission",
    "pk": 181,
    "fields": {
      "name": "Can add email address",
      "content_type": 46,
      "codename": "add_emailaddress"
    }
  },
  {
    "model": "auth.permission",
    "pk": 182,
    "fields": {
      "name": "Can change email address",
      "content_type": 46,
      "codename": "change_emailaddress"
    }
  },
  {
    "model": "auth.permission",
    "pk": 183,
    "fields": {
      "name": "Can delete email address",
      "content_type": 46,
      "codename": "delete_emailaddress"
    }
  },
  {
    "model": "auth.permission",
    "pk": 184,
    "fields": {
      "name": "Can view email address",
      "content_type": 46,
      "codename": "view_emailaddress"
    }
  },
  {
    "model": "auth.permission",
    "pk": 185,
    "fields": {
      "name": "Can add email confirmation",
      "content_type": 47,
      "codename": "add_emailconfirmation"
    }
  },
  {
    "model": "auth.permission",
    "pk": 186,
    "fields": {
      "name": "Can change email confirmation",
      "content_type": 47,
      "codename": "change_emailconfirmation"
    }
  },
  {
    "model": "auth.permission",
    "pk": 187,
    "fields": {
      "name": "Can delete email confirmation",
      "content_type": 47,
      "codename": "delete_emailconfirmation"
    }
  },
  {
    "model": "auth.permission",
    "pk": 188,
    "fields": {
      "name": "Can view email confirmation",
      "content_type": 47,
      "codename": "view_emailconfirmation"
    }
  },
  {
    "model": "auth.permission",
    "pk": 189,
    "fields": {
      "name": "Can add social account",
      "content_type": 48,
      "codename": "add_socialaccount"
    }
  },
  {
    "model": "auth.permission",
    "pk": 190,
    "fields": {
      "name": "Can change social account",
      "content_type": 48,
      "codename": "change_socialaccount"
    }
  },
  {
    "model": "auth.permission",
    "pk": 191,
    "fields": {
      "name": "Can delete social account",
      "content_type": 48,
      "codename": "delete_socialaccount"
    }
  },
  {
    "model": "auth.permission",
    "pk": 192,
    "fields": {
      "name": "Can view social account",
      "content_type": 48,
      "codename": "view_socialaccount"
    }
  },
  {
    "model": "auth.permission",
    "pk": 193,
    "fields": {
      "name": "Can add social application",
      "content_type": 49,
      "codename": "add_socialapp"
    }
  },
  {
    "model": "auth.permission",
    "pk": 194,
    "fields": {
      "name": "Can change social application",
      "content_type": 49,
      "codename": "change_socialapp"
    }
  },
  {
    "model": "auth.permission",
    "pk": 195,
    "fields": {
      "name": "Can delete social application",
      "content_type": 49,
      "codename": "delete_socialapp"
    }
  },
  {
    "model": "auth.permission",
    "pk": 196,
    "fields": {
      "name": "Can view social application",
      "content_type": 49,
      "codename": "view_socialapp"
    }
  },
  {
    "model": "auth.permission",
    "pk": 197,
    "fields": {
      "name": "Can add social application token",
      "content_type": 50,
      "codename": "add_socialtoken"
    }
  },
  {
    "model": "auth.permission",
    "pk": 198,
    "fields": {
      "name": "Can change social application token",
      "content_type": 50,
      "codename": "change_socialtoken"
    }
  },
  {
    "model": "auth.permission",
    "pk": 199,
    "fields": {
      "name": "Can delete social application token",
      "content_type": 50,
      "codename": "delete_socialtoken"
    }
  },
  {
    "model": "auth.permission",
    "pk": 200,
    "fields": {
      "name": "Can view social application token",
      "content_type": 50,
      "codename": "view_socialtoken"
    }
  },
  {
    "model": "auth.permission",
    "pk": 201,
    "fields": {
      "name": "Can add type",
      "content_type": 51,
      "codename": "add_notificationtype"
    }
  },
  {
    "model": "auth.permission",
    "pk": 202,
    "fields": {
      "name": "Can change type",
      "content_type": 51,
      "codename": "change_notificationtype"
    }
  },
  {
    "model": "auth.permission",
    "pk": 203,
    "fields": {
      "name": "Can delete type",
      "content_type": 51,
      "codename": "delete_notificationtype"
    }
  },
  {
    "model": "auth.permission",
    "pk": 204,
    "fields": {
      "name": "Can view type",
      "content_type": 51,
      "codename": "view_notificationtype"
    }
  },
  {
    "model": "auth.permission",
    "pk": 205,
    "fields": {
      "name": "Can add settings",
      "content_type": 52,
      "codename": "add_settings"
    }
  },
  {
    "model": "auth.permission",
    "pk": 206,
    "fields": {
      "name": "Can change settings",
      "content_type": 52,
      "codename": "change_settings"
    }
  },
  {
    "model": "auth.permission",
    "pk": 207,
    "fields": {
      "name": "Can delete settings",
      "content_type": 52,
      "codename": "delete_settings"
    }
  },
  {
    "model": "auth.permission",
    "pk": 208,
    "fields": {
      "name": "Can view settings",
      "content_type": 52,
      "codename": "view_settings"
    }
  },
  {
    "model": "auth.permission",
    "pk": 209,
    "fields": {
      "name": "Can add notification",
      "content_type": 53,
      "codename": "add_notification"
    }
  },
  {
    "model": "auth.permission",
    "pk": 210,
    "fields": {
      "name": "Can change notification",
      "content_type": 53,
      "codename": "change_notification"
    }
  },
  {
    "model": "auth.permission",
    "pk": 211,
    "fields": {
      "name": "Can delete notification",
      "content_type": 53,
      "codename": "delete_notification"
    }
  },
  {
    "model": "auth.permission",
    "pk": 212,
    "fields": {
      "name": "Can view notification",
      "content_type": 53,
      "codename": "view_notification"
    }
  },
  {
    "model": "auth.permission",
    "pk": 213,
    "fields": {
      "name": "Can add subscription",
      "content_type": 54,
      "codename": "add_subscription"
    }
  },
  {
    "model": "auth.permission",
    "pk": 214,
    "fields": {
      "name": "Can change subscription",
      "content_type": 54,
      "codename": "change_subscription"
    }
  },
  {
    "model": "auth.permission",
    "pk": 215,
    "fields": {
      "name": "Can delete subscription",
      "content_type": 54,
      "codename": "delete_subscription"
    }
  },
  {
    "model": "auth.permission",
    "pk": 216,
    "fields": {
      "name": "Can view subscription",
      "content_type": 54,
      "codename": "view_subscription"
    }
  },
  {
    "model": "auth.permission",
    "pk": 217,
    "fields": {
      "name": "Can add revision",
      "content_type": 55,
      "codename": "add_revision"
    }
  },
  {
    "model": "auth.permission",
    "pk": 218,
    "fields": {
      "name": "Can change revision",
      "content_type": 55,
      "codename": "change_revision"
    }
  },
  {
    "model": "auth.permission",
    "pk": 219,
    "fields": {
      "name": "Can delete revision",
      "content_type": 55,
      "codename": "delete_revision"
    }
  },
  {
    "model": "auth.permission",
    "pk": 220,
    "fields": {
      "name": "Can view revision",
      "content_type": 55,
      "codename": "view_revision"
    }
  },
  {
    "model": "auth.permission",
    "pk": 221,
    "fields": {
      "name": "Can add version",
      "content_type": 56,
      "codename": "add_version"
    }
  },
  {
    "model": "auth.permission",
    "pk": 222,
    "fields": {
      "name": "Can change version",
      "content_type": 56,
      "codename": "change_version"
    }
  },
  {
    "model": "auth.permission",
    "pk": 223,
    "fields": {
      "name": "Can delete version",
      "content_type": 56,
      "codename": "delete_version"
    }
  },
  {
    "model": "auth.permission",
    "pk": 224,
    "fields": {
      "name": "Can view version",
      "content_type": 56,
      "codename": "view_version"
    }
  },
  {
    "model": "auth.permission",
    "pk": 225,
    "fields": {
      "name": "Can add kv store",
      "content_type": 57,
      "codename": "add_kvstore"
    }
  },
  {
    "model": "auth.permission",
    "pk": 226,
    "fields": {
      "name": "Can change kv store",
      "content_type": 57,
      "codename": "change_kvstore"
    }
  },
  {
    "model": "auth.permission",
    "pk": 227,
    "fields": {
      "name": "Can delete kv store",
      "content_type": 57,
      "codename": "delete_kvstore"
    }
  },
  {
    "model": "auth.permission",
    "pk": 228,
    "fields": {
      "name": "Can view kv store",
      "content_type": 57,
      "codename": "view_kvstore"
    }
  },
  {
    "model": "auth.permission",
    "pk": 229,
    "fields": {
      "name": "Can add article",
      "content_type": 58,
      "codename": "add_article"
    }
  },
  {
    "model": "auth.permission",
    "pk": 230,
    "fields": {
      "name": "Can change article",
      "content_type": 58,
      "codename": "change_article"
    }
  },
  {
    "model": "auth.permission",
    "pk": 231,
    "fields": {
      "name": "Can delete article",
      "content_type": 58,
      "codename": "delete_article"
    }
  },
  {
    "model": "auth.permission",
    "pk": 232,
    "fields": {
      "name": "Can view article",
      "content_type": 58,
      "codename": "view_article"
    }
  },
  {
    "model": "auth.permission",
    "pk": 233,
    "fields": {
      "name": "Can edit all articles and lock/unlock/restore",
      "content_type": 58,
      "codename": "moderate"
    }
  },
  {
    "model": "auth.permission",
    "pk": 234,
    "fields": {
      "name": "Can change ownership of any article",
      "content_type": 58,
      "codename": "assign"
    }
  },
  {
    "model": "auth.permission",
    "pk": 235,
    "fields": {
      "name": "Can assign permissions to other users",
      "content_type": 58,
      "codename": "grant"
    }
  },
  {
    "model": "auth.permission",
    "pk": 236,
    "fields": {
      "name": "Can add Article for object",
      "content_type": 59,
      "codename": "add_articleforobject"
    }
  },
  {
    "model": "auth.permission",
    "pk": 237,
    "fields": {
      "name": "Can change Article for object",
      "content_type": 59,
      "codename": "change_articleforobject"
    }
  },
  {
    "model": "auth.permission",
    "pk": 238,
    "fields": {
      "name": "Can delete Article for object",
      "content_type": 59,
      "codename": "delete_articleforobject"
    }
  },
  {
    "model": "auth.permission",
    "pk": 239,
    "fields": {
      "name": "Can view Article for object",
      "content_type": 59,
      "codename": "view_articleforobject"
    }
  },
  {
    "model": "auth.permission",
    "pk": 240,
    "fields": {
      "name": "Can add article plugin",
      "content_type": 60,
      "codename": "add_articleplugin"
    }
  },
  {
    "model": "auth.permission",
    "pk": 241,
    "fields": {
      "name": "Can change article plugin",
      "content_type": 60,
      "codename": "change_articleplugin"
    }
  },
  {
    "model": "auth.permission",
    "pk": 242,
    "fields": {
      "name": "Can delete article plugin",
      "content_type": 60,
      "codename": "delete_articleplugin"
    }
  },
  {
    "model": "auth.permission",
    "pk": 243,
    "fields": {
      "name": "Can view article plugin",
      "content_type": 60,
      "codename": "view_articleplugin"
    }
  },
  {
    "model": "auth.permission",
    "pk": 244,
    "fields": {
      "name": "Can add article revision",
      "content_type": 61,
      "codename": "add_articlerevision"
    }
  },
  {
    "model": "auth.permission",
    "pk": 245,
    "fields": {
      "name": "Can change article revision",
      "content_type": 61,
      "codename": "change_articlerevision"
    }
  },
  {
    "model": "auth.permission",
    "pk": 246,
    "fields": {
      "name": "Can delete article revision",
      "content_type": 61,
      "codename": "delete_articlerevision"
    }
  },
  {
    "model": "auth.permission",
    "pk": 247,
    "fields": {
      "name": "Can view article revision",
      "content_type": 61,
      "codename": "view_articlerevision"
    }
  },
  {
    "model": "auth.permission",
    "pk": 248,
    "fields": {
      "name": "Can add reusable plugin",
      "content_type": 62,
      "codename": "add_reusableplugin"
    }
  },
  {
    "model": "auth.permission",
    "pk": 249,
    "fields": {
      "name": "Can change reusable plugin",
      "content_type": 62,
      "codename": "change_reusableplugin"
    }
  },
  {
    "model": "auth.permission",
    "pk": 250,
    "fields": {
      "name": "Can delete reusable plugin",
      "content_type": 62,
      "codename": "delete_reusableplugin"
    }
  },
  {
    "model": "auth.permission",
    "pk": 251,
    "fields": {
      "name": "Can view reusable plugin",
      "content_type": 62,
      "codename": "view_reusableplugin"
    }
  },
  {
    "model": "auth.permission",
    "pk": 252,
    "fields": {
      "name": "Can add revision plugin",
      "content_type": 63,
      "codename": "add_revisionplugin"
    }
  },
  {
    "model": "auth.permission",
    "pk": 253,
    "fields": {
      "name": "Can change revision plugin",
      "content_type": 63,
      "codename": "change_revisionplugin"
    }
  },
  {
    "model": "auth.permission",
    "pk": 254,
    "fields": {
      "name": "Can delete revision plugin",
      "content_type": 63,
      "codename": "delete_revisionplugin"
    }
  },
  {
    "model": "auth.permission",
    "pk": 255,
    "fields": {
      "name": "Can view revision plugin",
      "content_type": 63,
      "codename": "view_revisionplugin"
    }
  },
  {
    "model": "auth.permission",
    "pk": 256,
    "fields": {
      "name": "Can add revision plugin revision",
      "content_type": 64,
      "codename": "add_revisionpluginrevision"
    }
  },
  {
    "model": "auth.permission",
    "pk": 257,
    "fields": {
      "name": "Can change revision plugin revision",
      "content_type": 64,
      "codename": "change_revisionpluginrevision"
    }
  },
  {
    "model": "auth.permission",
    "pk": 258,
    "fields": {
      "name": "Can delete revision plugin revision",
      "content_type": 64,
      "codename": "delete_revisionpluginrevision"
    }
  },
  {
    "model": "auth.permission",
    "pk": 259,
    "fields": {
      "name": "Can view revision plugin revision",
      "content_type": 64,
      "codename": "view_revisionpluginrevision"
    }
  },
  {
    "model": "auth.permission",
    "pk": 260,
    "fields": {
      "name": "Can add simple plugin",
      "content_type": 65,
      "codename": "add_simpleplugin"
    }
  },
  {
    "model": "auth.permission",
    "pk": 261,
    "fields": {
      "name": "Can change simple plugin",
      "content_type": 65,
      "codename": "change_simpleplugin"
    }
  },
  {
    "model": "auth.permission",
    "pk": 262,
    "fields": {
      "name": "Can delete simple plugin",
      "content_type": 65,
      "codename": "delete_simpleplugin"
    }
  },
  {
    "model": "auth.permission",
    "pk": 263,
    "fields": {
      "name": "Can view simple plugin",
      "content_type": 65,
      "codename": "view_simpleplugin"
    }
  },
  {
    "model": "auth.permission",
    "pk": 264,
    "fields": {
      "name": "Can add URL path",
      "content_type": 66,
      "codename": "add_urlpath"
    }
  },
  {
    "model": "auth.permission",
    "pk": 265,
    "fields": {
      "name": "Can change URL path",
      "content_type": 66,
      "codename": "change_urlpath"
    }
  },
  {
    "model": "auth.permission",
    "pk": 266,
    "fields": {
      "name": "Can delete URL path",
      "content_type": 66,
      "codename": "delete_urlpath"
    }
  },
  {
    "model": "auth.permission",
    "pk": 267,
    "fields": {
      "name": "Can view URL path",
      "content_type": 66,
      "codename": "view_urlpath"
    }
  },
  {
    "model": "auth.permission",
    "pk": 268,
    "fields": {
      "name": "Can add image",
      "content_type": 67,
      "codename": "add_image"
    }
  },
  {
    "model": "auth.permission",
    "pk": 269,
    "fields": {
      "name": "Can change image",
      "content_type": 67,
      "codename": "change_image"
    }
  },
  {
    "model": "auth.permission",
    "pk": 270,
    "fields": {
      "name": "Can delete image",
      "content_type": 67,
      "codename": "delete_image"
    }
  },
  {
    "model": "auth.permission",
    "pk": 271,
    "fields": {
      "name": "Can view image",
      "content_type": 67,
      "codename": "view_image"
    }
  },
  {
    "model": "auth.permission",
    "pk": 272,
    "fields": {
      "name": "Can add image revision",
      "content_type": 68,
      "codename": "add_imagerevision"
    }
  },
  {
    "model": "auth.permission",
    "pk": 273,
    "fields": {
      "name": "Can change image revision",
      "content_type": 68,
      "codename": "change_imagerevision"
    }
  },
  {
    "model": "auth.permission",
    "pk": 274,
    "fields": {
      "name": "Can delete image revision",
      "content_type": 68,
      "codename": "delete_imagerevision"
    }
  },
  {
    "model": "auth.permission",
    "pk": 275,
    "fields": {
      "name": "Can view image revision",
      "content_type": 68,
      "codename": "view_imagerevision"
    }
  },
  {
    "model": "auth.group",
    "pk": 1,
    "fields": {
      "name": "Verified",
      "permissions": []
    }
  },
  {
    "model": "auth.group",
    "pk": 2,
    "fields": {
      "name": "Active Staff",
      "permissions": []
    }
  },
  {
    "model": "auth.user",
    "pk": 1,
    "fields": {
      "password": "",
      "last_login": null,
      "is_superuser": false,
      "username": "user_tmKVDHnktruIdejNzIybPeS",
      "first_name": "Cynthia",
      "last_name": "Montoya",
      "email": "cheryl28@example.org",
      "is_staff": false,
      "is_active": true,
      "date_joined": "2023-08-26T06:41:06.960Z",
      "groups": [1],
      "user_permissions": []
    }
  },
  {
    "model": "auth.user",
    "pk": 2,
    "fields": {
      "password": "",
      "last_login": null,
      "is_superuser": false,
      "username": "user_vQIwFPdFjsWoBpmphrfR",
      "first_name": "Natalie",
      "last_name": "Jordan",
      "email": "carlwarner@example.org",
      "is_staff": false,
      "is_active": true,
      "date_joined": "2023-08-26T06:41:06.960Z",
      "groups": [1],
      "user_permissions": []
    }
  },
  {
    "model": "auth.user",
    "pk": 3,
    "fields": {
      "password": "",
      "last_login": null,
      "is_superuser": false,
      "username": "user_rEuLdLUJLVoyPmxrL",
      "first_name": "Melissa",
      "last_name": "Singleton",
      "email": "jlucas@example.com",
      "is_staff": false,
      "is_active": true,
      "date_joined": "2023-08-26T06:41:06.960Z",
      "groups": [1],
      "user_permissions": []
    }
  },
  {
    "model": "auth.user",
    "pk": 4,
    "fields": {
      "password": "",
      "last_login": null,
      "is_superuser": false,
      "username": "user_lKwYNGPidbTvCUJM",
      "first_name": "Madison",
      "last_name": "Parrish",
      "email": "qrich@example.com",
      "is_staff": false,
      "is_active": true,
      "date_joined": "2023-08-26T06:41:06.960Z",
      "groups": [1],
      "user_permissions": []
    }
  },
  {
    "model": "auth.user",
    "pk": 5,
    "fields": {
      "password": "",
      "last_login": null,
      "is_superuser": false,
      "username": "user_zTbkAgruslnAeGc",
      "first_name": "Heidi",
      "last_name": "Stevens",
      "email": "spearskatherine@example.org",
      "is_staff": false,
      "is_active": true,
      "date_joined": "2023-08-26T06:41:06.961Z",
      "groups": [1],
      "user_permissions": []
    }
  },
  {
    "model": "auth.user",
    "pk": 6,
    "fields": {
      "password": "",
      "last_login": null,
      "is_superuser": false,
      "username": "user_PtLdUSlsYltqItbF",
      "first_name": "Alexa",
      "last_name": "Martin",
      "email": "hannah21@example.org",
      "is_staff": false,
      "is_active": true,
      "date_joined": "2023-08-26T06:41:06.961Z",
      "groups": [1],
      "user_permissions": []
    }
  },
  {
    "model": "auth.user",
    "pk": 7,
    "fields": {
      "password": "",
      "last_login": null,
      "is_superuser": false,
      "username": "user_XhqAjTDjaPxWgyJfzGzkOsPdE",
      "first_name": "Meghan",
      "last_name": "Larson",
      "email": "connoryates@example.org",
      "is_staff": false,
      "is_active": true,
      "date_joined": "2023-08-26T06:41:06.961Z",
      "groups": [1],
      "user_permissions": []
    }
  },
  {
    "model": "auth.user",
    "pk": 8,
    "fields": {
      "password": "",
      "last_login": null,
      "is_superuser": false,
      "username": "user_KfKkTDPjmlohZKBQJMrBd",
      "first_name": "Sharon",
      "last_name": "Ingram",
      "email": "andrew63@example.com",
      "is_staff": false,
      "is_active": true,
      "date_joined": "2023-08-26T06:41:06.961Z",
      "groups": [1],
      "user_permissions": []
    }
  },
  {
    "model": "auth.user",
    "pk": 9,
    "fields": {
      "password": "",
      "last_login": null,
      "is_superuser": false,
      "username": "user_jfrBGgZGLFZxukoo",
      "first_name": "Joyce",
      "last_name": "Henry",
      "email": "evelynferrell@example.net",
      "is_staff": false,
      "is_active": true,
      "date_joined": "2023-08-26T06:41:06.961Z",
      "groups": [1],
      "user_permissions": []
    }
  },
  {
    "model": "auth.user",
    "pk": 10,
    "fields": {
      "password": "",
      "last_login": null,
      "is_superuser": false,
      "username": "user_ZHXaseoPqSLLiIpfkEuwYMyv",
      "first_name": "Yvonne",
      "last_name": "Freeman",
      "email": "dkeller@example.net",
      "is_staff": false,
      "is_active": true,
      "date_joined": "2023-08-26T06:41:06.962Z",
      "groups": [1],
      "user_permissions": []
    }
  },
  {
    "model": "auth.user",
    "pk": 11,
    "fields": {
      "password": "",
      "last_login": null,
      "is_superuser": false,
      "username": "user_EBnGtTYzyNxAvkzWESHbKN",
      "first_name": "Debbie",
      "last_name": "Harding",
      "email": "ingramclaudia@example.com",
      "is_staff": false,
      "is_active": true,
      "date_joined": "2023-08-26T06:41:06.962Z",
      "groups": [1],
      "user_permissions": []
    }
  },
  {
    "model": "auth.user",
    "pk": 12,
    "fields": {
      "password": "",
      "last_login": null,
      "is_superuser": false,
      "username": "user_pxdOmRRujqNWCOI",
      "first_name": "Paula",
      "last_name": "Houston",
      "email": "kevin90@example.com",
      "is_staff": false,
      "is_active": true,
      "date_joined": "2023-08-26T06:41:06.962Z",
      "groups": [1],
      "user_permissions": []
    }
  },
  {
    "model": "auth.user",
    "pk": 13,
    "fields": {
      "password": "",
      "last_login": null,
      "is_superuser": false,
      "username": "user_AEGzeKupzZjaqcrSSaYYcFpR",
      "first_name": "Tiffany",
      "last_name": "Alexander",
      "email": "aguilarnicole@example.com",
      "is_staff": false,
      "is_active": true,
      "date_joined": "2023-08-26T06:41:06.962Z",
      "groups": [1],
      "user_permissions": []
    }
  },
  {
    "model": "auth.user",
    "pk": 14,
    "fields": {
      "password": "",
      "last_login": null,
      "is_superuser": false,
      "username": "user_dRYfnFxodrLctXMLnrRpDsDW",
      "first_name": "Donna",
      "last_name": "Valenzuela",
      "email": "wspears@example.com",
      "is_staff": false,
      "is_active": true,
      "date_joined": "2023-08-26T06:41:06.962Z",
      "groups": [1],
      "user_permissions": []
    }
  },
  {
    "model": "auth.user",
    "pk": 15,
    "fields": {
      "password": "",
      "last_login": null,
      "is_superuser": false,
      "username": "user_NrTGUIFBvtkPwAmavYAZU",
      "first_name": "Shari",
      "last_name": "Fritz",
      "email": "foxleslie@example.com",
      "is_staff": false,
      "is_active": true,
      "date_joined": "2023-08-26T06:41:06.962Z",
      "groups": [1],
      "user_permissions": []
    }
  },
  {
    "model": "auth.user",
    "pk": 16,
    "fields": {
      "password": "",
      "last_login": null,
      "is_superuser": false,
      "username": "user_fAuQgWeiQufyUyzpFl",
      "first_name": "Tammy",
      "last_name": "Glover",
      "email": "smithjoshua@example.org",
      "is_staff": false,
      "is_active": true,
      "date_joined": "2023-08-26T06:41:06.963Z",
      "groups": [1],
      "user_permissions": []
    }
  },
  {
    "model": "auth.user",
    "pk": 17,
    "fields": {
      "password": "",
      "last_login": null,
      "is_superuser": false,
      "username": "user_vSerICliteUOOCDHtS",
      "first_name": "Meredith",
      "last_name": "Webster",
      "email": "gail22@example.net",
      "is_staff": false,
      "is_active": true,
      "date_joined": "2023-08-26T06:41:06.963Z",
      "groups": [1],
      "user_permissions": []
    }
  },
  {
    "model": "auth.user",
    "pk": 18,
    "fields": {
      "password": "",
      "last_login": null,
      "is_superuser": false,
      "username": "user_zPDNUNCpGQZLxTkt",
      "first_name": "Mallory",
      "last_name": "Hamilton",
      "email": "atkinscourtney@example.org",
      "is_staff": false,
      "is_active": true,
      "date_joined": "2023-08-26T06:41:06.963Z",
      "groups": [1],
      "user_permissions": []
    }
  },
  {
    "model": "auth.user",
    "pk": 19,
    "fields": {
      "password": "",
      "last_login": null,
      "is_superuser": false,
      "username": "user_zWdYxItBoBNvOKPUYeslM",
      "first_name": "Shelby",
      "last_name": "Mejia",
      "email": "heather77@example.com",
      "is_staff": false,
      "is_active": true,
      "date_joined": "2023-08-26T06:41:06.963Z",
      "groups": [1],
      "user_permissions": []
    }
  },
  {
    "model": "auth.user",
    "pk": 20,
    "fields": {
      "password": "",
      "last_login": null,
      "is_superuser": false,
      "username": "user_uUYmoPknKToELTymJY",
      "first_name": "Katrina",
      "last_name": "Drake",
      "email": "brittneysanchez@example.org",
      "is_staff": false,
      "is_active": true,
      "date_joined": "2023-08-26T06:41:06.964Z",
      "groups": [1],
      "user_permissions": []
    }
  },
  {
    "model": "auth.user",
    "pk": 21,
    "fields": {
      "password": "",
      "last_login": null,
      "is_superuser": false,
      "username": "user_bKNjzIleakiIthLb",
      "first_name": "Autumn",
      "last_name": "Barrera",
      "email": "andrewreynolds@example.org",
      "is_staff": false,
      "is_active": true,
      "date_joined": "2023-08-26T06:41:06.964Z",
      "groups": [1],
      "user_permissions": []
    }
  },
  {
    "model": "auth.user",
    "pk": 22,
    "fields": {
      "password": "",
      "last_login": null,
      "is_superuser": false,
      "username": "user_QhPAhkUvTgFTvJYOFZyFNAJ",
      "first_name": "Michelle",
      "last_name": "Andrews",
      "email": "gabrielrodriguez@example.net",
      "is_staff": false,
      "is_active": true,
      "date_joined": "2023-08-26T06:41:06.964Z",
      "groups": [1],
      "user_permissions": []
    }
  },
  {
    "model": "auth.user",
    "pk": 23,
    "fields": {
      "password": "",
      "last_login": null,
      "is_superuser": false,
      "username": "user_oDbKjwtJqsNEcfjagcCxMXWB",
      "first_name": "Yesenia",
      "last_name": "Gallegos",
      "email": "butlerdawn@example.net",
      "is_staff": false,
      "is_active": true,
      "date_joined": "2023-08-26T06:41:06.964Z",
      "groups": [1],
      "user_permissions": []
    }
  },
  {
    "model": "auth.user",
    "pk": 24,
    "fields": {
      "password": "",
      "last_login": null,
      "is_superuser": false,
      "username": "user_ZMGZRbWIuQvEDBtm",
      "first_name": "Erika",
      "last_name": "Frost",
      "email": "brandon29@example.com",
      "is_staff": false,
      "is_active": true,
      "date_joined": "2023-08-26T06:41:06.964Z",
      "groups": [1],
      "user_permissions": []
    }
  },
  {
    "model": "auth.user",
    "pk": 25,
    "fields": {
      "password": "",
      "last_login": null,
      "is_superuser": false,
      "username": "user_vRsnZhOwZhVULLV",
      "first_name": "Adriana",
      "last_name": "Gardner",
      "email": "thompsonvalerie@example.org",
      "is_staff": false,
      "is_active": true,
      "date_joined": "2023-08-26T06:41:06.965Z",
      "groups": [1],
      "user_permissions": []
    }
  },
  {
    "model": "auth.user",
    "pk": 26,
    "fields": {
      "password": "",
      "last_login": null,
      "is_superuser": false,
      "username": "user_IeOKjkDYQDhndoclEEAWFPXz",
      "first_name": "Lydia",
      "last_name": "Carrillo",
      "email": "sara49@example.net",
      "is_staff": true,
      "is_active": true,
      "date_joined": "2023-08-26T06:41:07.119Z",
      "groups": [1, 2],
      "user_permissions": []
    }
  },
  {
    "model": "auth.user",
    "pk": 27,
    "fields": {
      "password": "",
      "last_login": null,
      "is_superuser": false,
      "username": "user_cJVmcErtFuiEpcALCWQBjLIK",
      "first_name": "Bianca",
      "last_name": "Cline",
      "email": "turnersteven@example.com",
      "is_staff": true,
      "is_active": true,
      "date_joined": "2023-08-26T06:41:07.352Z",
      "groups": [1, 2],
      "user_permissions": []
    }
  },
  {
    "model": "sites.site",
    "pk": 1,
    "fields": {
      "domain": "example.com",
      "name": "example.com"
    }
  }
]
